block,node0,node1,node2,node3,node4,node5,node6,node7,node8,node9,node10,node11,node12,node13,node14,node15,node16,node17,node18,node19,node20,node21
0,0.0000,0.0000,0.0000,0.0000,0.0000,0.0000,0.0000,0.0000,0.0000,0.0000,0.0000,0.0000,0.0000,0.0000,0.0000,0.0000,0.0000,0.0000,0.0000,0.0000,0.0000,0.0000
1,0.0000,0.0000,0.0000,0.0000,0.0000,0.0000,0.0000,0.0000,0.0000,0.0000,0.0000,0.0000,0.0000,0.0000,0.0000,0.0000,0.0000,0.0000,0.0000,0.0000,0.0000,0.0000
2,118.2720,0.0000,0.0000,0.0000,0.0000,0.0000,0.0000,0.0000,0.0000,0.0000,0.0000,0.0000,0.0000,0.0000,0.0000,0.0000,0.0000,0.0000,0.0000,0.0000,0.0000,0.0000
3,118.2720,115.1096,0.0000,0.0000,0.0000,0.0000,0.0000,0.0000,0.0000,0.0000,0.0000,0.0000,0.0000,0.0000,0.0000,0.0000,0.0000,0.0000,0.0000,0.0000,0.0000,0.0000
4,118.2720,115.1096,125.2292,0.0000,0.0000,0.0000,0.0000,0.0000,0.0000,0.0000,0.0000,0.0000,0.0000,0.0000,0.0000,0.0000,0.0000,0.0000,0.0000,0.0000,0.0000,0.0000
5,118.2720,115.1096,125.2292,112.5798,0.0000,0.0000,0.0000,0.0000,0.0000,0.0000,0.0000,0.0000,0.0000,0.0000,0.0000,0.0000,0.0000,0.0000,0.0000,0.0000,0.0000,0.0000
6,118.2720,115.1096,125.2292,112.5798,117.0071,0.0000,0.0000,0.0000,0.0000,0.0000,0.0000,0.0000,0.0000,0.0000,0.0000,0.0000,0.0000,0.0000,0.0000,0.0000,0.0000,0.0000
7,118.2720,115.1096,125.2292,112.5798,117.0071,134.7162,0.0000,0.0000,0.0000,0.0000,0.0000,0.0000,0.0000,0.0000,0.0000,0.0000,0.0000,0.0000,0.0000,0.0000,0.0000,0.0000
8,118.2720,115.1096,125.2292,112.5798,117.0071,134.7162,136.6136,0.0000,0.0000,0.0000,0.0000,0.0000,0.0000,0.0000,0.0000,0.0000,0.0000,0.0000,0.0000,0.0000,0.0000,0.0000
9,118.2720,115.1096,125.2292,112.5798,117.0071,134.7162,136.6136,153.0579,0.0000,0.0000,0.0000,0.0000,0.0000,0.0000,0.0000,0.0000,0.0000,0.0000,0.0000,0.0000,0.0000,0.0000
10,118.2720,115.1096,125.2292,112.5798,117.0071,134.7162,136.6136,153.0579,132.8188,0.0000,0.0000,0.0000,0.0000,0.0000,0.0000,0.0000,0.0000,0.0000,0.0000,0.0000,0.0000,0.0000
11,118.2720,115.1096,125.2292,112.5798,117.0071,134.7162,136.6136,153.0579,132.8188,134.7162,0.0000,0.0000,0.0000,0.0000,0.0000,0.0000,0.0000,0.0000,0.0000,0.0000,0.0000,0.0000
12,118.2720,115.1096,125.2292,112.5798,117.0071,134.7162,136.6136,153.0579,132.8188,134.7162,139.1435,0.0000,0.0000,0.0000,0.0000,0.0000,0.0000,0.0000,0.0000,0.0000,0.0000,0.0000
13,118.2720,115.1096,125.2292,112.5798,117.0071,134.7162,136.6136,153.0579,132.8188,134.7162,139.1435,139.1435,0.0000,0.0000,0.0000,0.0000,0.0000,0.0000,0.0000,0.0000,0.0000,0.0000
14,118.2720,115.1096,125.2292,112.5798,117.0071,134.7162,136.6136,153.0579,132.8188,134.7162,139.1435,139.1435,137.8786,0.0000,0.0000,0.0000,0.0000,0.0000,0.0000,0.0000,0.0000,0.0000
15,118.2720,115.1096,125.2292,112.5798,117.0071,134.7162,136.6136,153.0579,132.8188,134.7162,139.1435,139.1435,137.8786,129.0240,0.0000,0.0000,0.0000,0.0000,0.0000,0.0000,0.0000,0.0000
16,118.2720,115.1096,125.2292,112.5798,117.0071,134.7162,136.6136,153.0579,132.8188,134.7162,139.1435,139.1435,137.8786,129.0240,149.8955,0.0000,0.0000,0.0000,0.0000,0.0000,0.0000,0.0000
17,118.2720,115.1096,125.2292,112.5798,117.0071,134.7162,136.6136,153.0579,132.8188,134.7162,139.1435,139.1435,137.8786,129.0240,149.8955,132.8188,0.0000,0.0000,0.0000,0.0000,0.0000,0.0000
18,118.2720,115.1096,125.2292,112.5798,117.0071,134.7162,136.6136,153.0579,132.8188,134.7162,139.1435,139.1435,137.8786,129.0240,149.8955,132.8188,148.6306,0.0000,0.0000,0.0000,0.0000,0.0000
19,118.2720,115.1096,125.2292,112.5798,117.0071,134.7162,136.6136,153.0579,132.8188,134.7162,139.1435,139.1435,137.8786,129.0240,149.8955,132.8188,148.6306,129.6565,0.0000,0.0000,0.0000,0.0000
20,118.2720,115.1096,125.2292,112.5798,117.0071,134.7162,136.6136,153.0579,132.8188,134.7162,139.1435,139.1435,137.8786,129.0240,149.8955,132.8188,148.6306,129.6565,133.4513,0.0000,0.0000,0.0000
21,118.2720,115.1096,125.2292,112.5798,117.0071,134.7162,136.6136,153.0579,132.8188,134.7162,139.1435,139.1435,137.8786,129.0240,149.8955,132.8188,148.6306,129.6565,133.4513,158.7501,0.0000,0.0000
22,118.2720,115.1096,125.2292,112.5798,117.0071,134.7162,136.6136,153.0579,132.8188,134.7162,139.1435,139.1435,137.8786,129.0240,149.8955,132.8188,148.6306,129.6565,133.4513,158.7501,141.0409,0.0000
23,118.2720,115.1096,125.2292,112.5798,117.0071,134.7162,136.6136,153.0579,132.8188,134.7162,139.1435,139.1435,137.8786,129.0240,149.8955,132.8188,148.6306,129.6565,133.4513,158.7501,141.0409,117.6395
24,270.0649,115.1096,125.2292,112.5798,117.0071,134.7162,136.6136,153.0579,132.8188,134.7162,139.1435,139.1435,137.8786,129.0240,149.8955,132.8188,148.6306,129.6565,133.4513,158.7501,141.0409,117.6395
25,270.0649,245.3986,125.2292,112.5798,117.0071,134.7162,136.6136,153.0579,132.8188,134.7162,139.1435,139.1435,137.8786,129.0240,149.8955,132.8188,148.6306,129.6565,133.4513,158.7501,141.0409,117.6395
26,270.0649,245.3986,277.6546,112.5798,117.0071,134.7162,136.6136,153.0579,132.8188,134.7162,139.1435,139.1435,137.8786,129.0240,149.8955,132.8188,148.6306,129.6565,133.4513,158.7501,141.0409,117.6395
27,270.0649,245.3986,277.6546,254.2532,117.0071,134.7162,136.6136,153.0579,132.8188,134.7162,139.1435,139.1435,137.8786,129.0240,149.8955,132.8188,148.6306,129.6565,133.4513,158.7501,141.0409,117.6395
28,270.0649,245.3986,277.6546,254.2532,234.6466,134.7162,136.6136,153.0579,132.8188,134.7162,139.1435,139.1435,137.8786,129.0240,149.8955,132.8188,148.6306,129.6565,133.4513,158.7501,141.0409,117.6395
29,270.0649,245.3986,277.6546,254.2532,234.6466,281.4494,136.6136,153.0579,132.8188,134.7162,139.1435,139.1435,137.8786,129.0240,149.8955,132.8188,148.6306,129.6565,133.4513,158.7501,141.0409,117.6395
30,270.0649,245.3986,277.6546,254.2532,234.6466,281.4494,273.8598,153.0579,132.8188,134.7162,139.1435,139.1435,137.8786,129.0240,149.8955,132.8188,148.6306,129.6565,133.4513,158.7501,141.0409,117.6395
31,270.0649,245.3986,277.6546,254.2532,234.6466,281.4494,273.8598,292.2014,132.8188,134.7162,139.1435,139.1435,137.8786,129.0240,149.8955,132.8188,148.6306,129.6565,133.4513,158.7501,141.0409,117.6395
32,270.0649,245.3986,277.6546,254.2532,234.6466,281.4494,273.8598,292.2014,266.2701,134.7162,139.1435,139.1435,137.8786,129.0240,149.8955,132.8188,148.6306,129.6565,133.4513,158.7501,141.0409,117.6395
33,270.0649,245.3986,277.6546,254.2532,234.6466,281.4494,273.8598,292.2014,266.2701,281.4494,139.1435,139.1435,137.8786,129.0240,149.8955,132.8188,148.6306,129.6565,133.4513,158.7501,141.0409,117.6395
34,270.0649,245.3986,277.6546,254.2532,234.6466,281.4494,273.8598,292.2014,266.2701,281.4494,280.1845,139.1435,137.8786,129.0240,149.8955,132.8188,148.6306,129.6565,133.4513,158.7501,141.0409,117.6395
35,270.0649,245.3986,277.6546,254.2532,234.6466,281.4494,273.8598,292.2014,266.2701,281.4494,280.1845,278.2871,137.8786,129.0240,149.8955,132.8188,148.6306,129.6565,133.4513,158.7501,141.0409,117.6395
36,270.0649,245.3986,277.6546,254.2532,234.6466,281.4494,273.8598,292.2014,266.2701,281.4494,280.1845,278.2871,275.1247,129.0240,149.8955,132.8188,148.6306,129.6565,133.4513,158.7501,141.0409,117.6395
37,270.0649,245.3986,277.6546,254.2532,234.6466,281.4494,273.8598,292.2014,266.2701,281.4494,280.1845,278.2871,275.1247,273.8598,149.8955,132.8188,148.6306,129.6565,133.4513,158.7501,141.0409,117.6395
38,270.0649,245.3986,277.6546,254.2532,234.6466,281.4494,273.8598,292.2014,266.2701,281.4494,280.1845,278.2871,275.1247,273.8598,283.9793,132.8188,148.6306,129.6565,133.4513,158.7501,141.0409,117.6395
39,270.0649,245.3986,277.6546,254.2532,234.6466,281.4494,273.8598,292.2014,266.2701,281.4494,280.1845,278.2871,275.1247,273.8598,283.9793,280.8169,148.6306,129.6565,133.4513,158.7501,141.0409,117.6395
40,270.0649,245.3986,277.6546,254.2532,234.6466,281.4494,273.8598,292.2014,266.2701,281.4494,280.1845,278.2871,275.1247,273.8598,283.9793,280.8169,269.4325,129.6565,133.4513,158.7501,141.0409,117.6395
41,270.0649,245.3986,277.6546,254.2532,234.6466,281.4494,273.8598,292.2014,266.2701,281.4494,280.1845,278.2871,275.1247,273.8598,283.9793,280.8169,269.4325,287.7741,133.4513,158.7501,141.0409,117.6395
42,270.0649,245.3986,277.6546,254.2532,234.6466,281.4494,273.8598,292.2014,266.2701,281.4494,280.1845,278.2871,275.1247,273.8598,283.9793,280.8169,269.4325,287.7741,252.3558,158.7501,141.0409,117.6395
43,270.0649,245.3986,277.6546,254.2532,234.6466,281.4494,273.8598,292.2014,266.2701,281.4494,280.1845,278.2871,275.1247,273.8598,283.9793,280.8169,269.4325,287.7741,252.3558,316.8678,141.0409,117.6395
44,270.0649,245.3986,277.6546,254.2532,234.6466,281.4494,273.8598,292.2014,266.2701,281.4494,280.1845,278.2871,275.1247,273.8598,283.9793,280.8169,269.4325,287.7741,252.3558,316.8678,269.4325,117.6395
45,270.0649,245.3986,277.6546,254.2532,234.6466,281.4494,273.8598,292.2014,266.2701,281.4494,280.1845,278.2871,275.1247,273.8598,283.9793,280.8169,269.4325,287.7741,252.3558,316.8678,269.4325,262.4753
46,406.0461,245.3986,277.6546,254.2532,234.6466,281.4494,273.8598,292.2014,266.2701,281.4494,280.1845,278.2871,275.1247,273.8598,283.9793,280.8169,269.4325,287.7741,252.3558,316.8678,269.4325,262.4753
47,406.0461,390.8668,277.6546,254.2532,234.6466,281.4494,273.8598,292.2014,266.2701,281.4494,280.1845,278.2871,275.1247,273.8598,283.9793,280.8169,269.4325,287.7741,252.3558,316.8678,269.4325,262.4753
48,406.0461,390.8668,402.8838,254.2532,234.6466,281.4494,273.8598,292.2014,266.2701,281.4494,280.1845,278.2871,275.1247,273.8598,283.9793,280.8169,269.4325,287.7741,252.3558,316.8678,269.4325,262.4753
49,406.0461,390.8668,402.8838,395.9266,234.6466,281.4494,273.8598,292.2014,266.2701,281.4494,280.1845,278.2871,275.1247,273.8598,283.9793,280.8169,269.4325,287.7741,252.3558,316.8678,269.4325,262.4753
50,406.0461,390.8668,402.8838,395.9266,378.2174,281.4494,273.8598,292.2014,266.2701,281.4494,280.1845,278.2871,275.1247,273.8598,283.9793,280.8169,269.4325,287.7741,252.3558,316.8678,269.4325,262.4753
51,406.0461,390.8668,402.8838,395.9266,378.2174,416.7981,273.8598,292.2014,266.2701,281.4494,280.1845,278.2871,275.1247,273.8598,283.9793,280.8169,269.4325,287.7741,252.3558,316.8678,269.4325,262.4753
52,406.0461,390.8668,402.8838,395.9266,378.2174,416.7981,409.8409,292.2014,266.2701,281.4494,280.1845,278.2871,275.1247,273.8598,283.9793,280.8169,269.4325,287.7741,252.3558,316.8678,269.4325,262.4753
53,406.0461,390.8668,402.8838,395.9266,378.2174,416.7981,409.8409,431.3449,266.2701,281.4494,280.1845,278.2871,275.1247,273.8598,283.9793,280.8169,269.4325,287.7741,252.3558,316.8678,269.4325,262.4753
54,406.0461,390.8668,402.8838,395.9266,378.2174,416.7981,409.8409,431.3449,399.0889,281.4494,280.1845,278.2871,275.1247,273.8598,283.9793,280.8169,269.4325,287.7741,252.3558,316.8678,269.4325,262.4753
55,406.0461,390.8668,402.8838,395.9266,378.2174,416.7981,409.8409,431.3449,399.0889,431.3449,280.1845,278.2871,275.1247,273.8598,283.9793,280.8169,269.4325,287.7741,252.3558,316.8678,269.4325,262.4753
56,406.0461,390.8668,402.8838,395.9266,378.2174,416.7981,409.8409,431.3449,399.0889,431.3449,419.9605,278.2871,275.1247,273.8598,283.9793,280.8169,269.4325,287.7741,252.3558,316.8678,269.4325,262.4753
57,406.0461,390.8668,402.8838,395.9266,378.2174,416.7981,409.8409,431.3449,399.0889,431.3449,419.9605,417.4306,275.1247,273.8598,283.9793,280.8169,269.4325,287.7741,252.3558,316.8678,269.4325,262.4753
58,406.0461,390.8668,402.8838,395.9266,378.2174,416.7981,409.8409,431.3449,399.0889,431.3449,419.9605,417.4306,412.3708,273.8598,283.9793,280.8169,269.4325,287.7741,252.3558,316.8678,269.4325,262.4753
59,406.0461,390.8668,402.8838,395.9266,378.2174,416.7981,409.8409,431.3449,399.0889,431.3449,419.9605,417.4306,412.3708,416.7981,283.9793,280.8169,269.4325,287.7741,252.3558,316.8678,269.4325,262.4753
60,406.0461,390.8668,402.8838,395.9266,378.2174,416.7981,409.8409,431.3449,399.0889,431.3449,419.9605,417.4306,412.3708,416.7981,283.9793,280.8169,269.4325,287.7741,252.3558,316.8678,269.4325,384.5421
61,1419.2640,390.8668,402.8838,395.9266,378.2174,416.7981,409.8409,431.3449,399.0889,431.3449,419.9605,417.4306,412.3708,416.7981,283.9793,280.8169,269.4325,287.7741,252.3558,316.8678,269.4325,384.5421
62,1419.2640,647.6499,402.8838,395.9266,378.2174,416.7981,409.8409,431.3449,399.0889,431.3449,419.9605,417.4306,412.3708,416.7981,283.9793,280.8169,269.4325,287.7741,252.3558,316.8678,269.4325,384.5421
63,1419.2640,647.6499,528.1129,395.9266,378.2174,416.7981,409.8409,431.3449,399.0889,431.3449,419.9605,417.4306,412.3708,416.7981,283.9793,280.8169,269.4325,287.7741,252.3558,316.8678,269.4325,384.5421
64,1419.2640,647.6499,528.1129,539.4974,378.2174,416.7981,409.8409,431.3449,399.0889,431.3449,419.9605,417.4306,412.3708,416.7981,283.9793,280.8169,269.4325,287.7741,252.3558,316.8678,269.4325,384.5421
65,1419.2640,647.6499,528.1129,539.4974,522.4207,416.7981,409.8409,431.3449,399.0889,431.3449,419.9605,417.4306,412.3708,416.7981,283.9793,280.8169,269.4325,287.7741,252.3558,316.8678,269.4325,384.5421
66,1419.2640,647.6499,528.1129,539.4974,522.4207,566.0612,409.8409,431.3449,399.0889,431.3449,419.9605,417.4306,412.3708,416.7981,283.9793,280.8169,269.4325,287.7741,252.3558,316.8678,269.4325,384.5421
67,1419.2640,647.6499,528.1129,539.4974,522.4207,566.0612,543.2922,431.3449,399.0889,431.3449,419.9605,417.4306,412.3708,416.7981,283.9793,280.8169,269.4325,287.7741,252.3558,316.8678,269.4325,384.5421
68,1419.2640,647.6499,528.1129,539.4974,522.4207,566.0612,543.2922,556.5741,399.0889,431.3449,419.9605,417.4306,412.3708,416.7981,283.9793,280.8169,269.4325,287.7741,252.3558,316.8678,269.4325,384.5421
69,1419.2640,647.6499,528.1129,539.4974,522.4207,566.0612,543.2922,556.5741,549.6169,431.3449,419.9605,417.4306,412.3708,416.7981,283.9793,280.8169,269.4325,287.7741,252.3558,316.8678,269.4325,384.5421
70,1419.2640,647.6499,528.1129,539.4974,522.4207,566.0612,543.2922,556.5741,549.6169,565.4287,419.9605,417.4306,412.3708,416.7981,283.9793,280.8169,269.4325,287.7741,252.3558,316.8678,269.4325,384.5421
71,1419.2640,647.6499,528.1129,539.4974,522.4207,566.0612,543.2922,556.5741,549.6169,565.4287,559.7365,417.4306,412.3708,416.7981,283.9793,280.8169,269.4325,287.7741,252.3558,316.8678,269.4325,384.5421
72,1419.2640,647.6499,528.1129,539.4974,522.4207,566.0612,543.2922,556.5741,549.6169,565.4287,559.7365,556.5741,412.3708,416.7981,283.9793,280.8169,269.4325,287.7741,252.3558,316.8678,269.4325,384.5421
73,1419.2640,647.6499,528.1129,539.4974,522.4207,566.0612,543.2922,556.5741,549.6169,565.4287,559.7365,556.5741,550.2494,416.7981,283.9793,280.8169,269.4325,287.7741,252.3558,316.8678,269.4325,384.5421
74,1419.2640,647.6499,528.1129,539.4974,522.4207,566.0612,543.2922,556.5741,549.6169,565.4287,559.7365,556.5741,550.2494,559.7365,283.9793,280.8169,269.4325,287.7741,252.3558,316.8678,269.4325,384.5421
75,1419.2640,647.6499,528.1129,539.4974,522.4207,566.0612,543.2922,556.5741,549.6169,565.4287,559.7365,556.5741,550.2494,559.7365,283.9793,280.8169,269.4325,287.7741,252.3558,316.8678,269.4325,507.2414
76,2414.7727,647.6499,528.1129,539.4974,522.4207,566.0612,543.2922,556.5741,549.6169,565.4287,559.7365,556.5741,550.2494,559.7365,283.9793,280.8169,269.4325,287.7741,252.3558,316.8678,269.4325,507.2414
77,2414.7727,922.7746,528.1129,539.4974,522.4207,566.0612,543.2922,556.5741,549.6169,565.4287,559.7365,556.5741,550.2494,559.7365,283.9793,280.8169,269.4325,287.7741,252.3558,316.8678,269.4325,507.2414
78,2414.7727,922.7746,665.9915,539.4974,522.4207,566.0612,543.2922,556.5741,549.6169,565.4287,559.7365,556.5741,550.2494,559.7365,283.9793,280.8169,269.4325,287.7741,252.3558,316.8678,269.4325,507.2414
79,2414.7727,922.7746,665.9915,667.8889,522.4207,566.0612,543.2922,556.5741,549.6169,565.4287,559.7365,556.5741,550.2494,559.7365,283.9793,280.8169,269.4325,287.7741,252.3558,316.8678,269.4325,507.2414
80,2414.7727,922.7746,665.9915,667.8889,667.8889,566.0612,543.2922,556.5741,549.6169,565.4287,559.7365,556.5741,550.2494,559.7365,283.9793,280.8169,269.4325,287.7741,252.3558,316.8678,269.4325,507.2414
81,2414.7727,922.7746,665.9915,667.8889,667.8889,698.8800,543.2922,556.5741,549.6169,565.4287,559.7365,556.5741,550.2494,559.7365,283.9793,280.8169,269.4325,287.7741,252.3558,316.8678,269.4325,507.2414
82,2414.7727,922.7746,665.9915,667.8889,667.8889,698.8800,693.8202,556.5741,549.6169,565.4287,559.7365,556.5741,550.2494,559.7365,283.9793,280.8169,269.4325,287.7741,252.3558,316.8678,269.4325,507.2414
83,2414.7727,922.7746,665.9915,667.8889,667.8889,698.8800,693.8202,681.8033,549.6169,565.4287,559.7365,556.5741,550.2494,559.7365,283.9793,280.8169,269.4325,287.7741,252.3558,316.8678,269.4325,507.2414
84,2414.7727,922.7746,665.9915,667.8889,667.8889,698.8800,693.8202,681.8033,698.2475,565.4287,559.7365,556.5741,550.2494,559.7365,283.9793,280.8169,269.4325,287.7741,252.3558,316.8678,269.4325,507.2414
85,2414.7727,922.7746,665.9915,667.8889,667.8889,698.8800,693.8202,681.8033,698.2475,698.2475,559.7365,556.5741,550.2494,559.7365,283.9793,280.8169,269.4325,287.7741,252.3558,316.8678,269.4325,507.2414
86,2414.7727,922.7746,665.9915,667.8889,667.8889,698.8800,693.8202,681.8033,698.2475,698.2475,698.8800,556.5741,550.2494,559.7365,283.9793,280.8169,269.4325,287.7741,252.3558,316.8678,269.4325,507.2414
87,2414.7727,922.7746,665.9915,667.8889,667.8889,698.8800,693.8202,681.8033,698.2475,698.2475,698.8800,681.8033,550.2494,559.7365,283.9793,280.8169,269.4325,287.7741,252.3558,316.8678,269.4325,507.2414
88,2414.7727,922.7746,665.9915,667.8889,667.8889,698.8800,693.8202,681.8033,698.2475,698.2475,698.8800,681.8033,702.6748,559.7365,283.9793,280.8169,269.4325,287.7741,252.3558,316.8678,269.4325,507.2414
89,2414.7727,922.7746,665.9915,667.8889,667.8889,698.8800,693.8202,681.8033,698.2475,698.2475,698.8800,681.8033,702.6748,704.5722,283.9793,280.8169,269.4325,287.7741,252.3558,316.8678,269.4325,507.2414
90,2414.7727,922.7746,665.9915,667.8889,667.8889,698.8800,693.8202,681.8033,698.2475,698.2475,698.8800,681.8033,702.6748,704.5722,283.9793,280.8169,269.4325,287.7741,252.3558,316.8678,269.4325,627.4108
91,3438.1101,922.7746,665.9915,667.8889,667.8889,698.8800,693.8202,681.8033,698.2475,698.2475,698.8800,681.8033,702.6748,704.5722,283.9793,280.8169,269.4325,287.7741,252.3558,316.8678,269.4325,627.4108
92,3438.1101,1171.9680,665.9915,667.8889,667.8889,698.8800,693.8202,681.8033,698.2475,698.2475,698.8800,681.8033,702.6748,704.5722,283.9793,280.8169,269.4325,287.7741,252.3558,316.8678,269.4325,627.4108
93,3438.1101,1171.9680,805.1351,667.8889,667.8889,698.8800,693.8202,681.8033,698.2475,698.2475,698.8800,681.8033,702.6748,704.5722,283.9793,280.8169,269.4325,287.7741,252.3558,316.8678,269.4325,627.4108
94,3438.1101,1171.9680,805.1351,795.6480,667.8889,698.8800,693.8202,681.8033,698.2475,698.2475,698.8800,681.8033,702.6748,704.5722,283.9793,280.8169,269.4325,287.7741,252.3558,316.8678,269.4325,627.4108
95,3438.1101,1171.9680,805.1351,795.6480,811.4598,698.8800,693.8202,681.8033,698.2475,698.2475,698.8800,681.8033,702.6748,704.5722,283.9793,280.8169,269.4325,287.7741,252.3558,316.8678,269.4325,627.4108
96,3438.1101,1171.9680,805.1351,795.6480,811.4598,834.2287,693.8202,681.8033,698.2475,698.2475,698.8800,681.8033,702.6748,704.5722,283.9793,280.8169,269.4325,287.7741,252.3558,316.8678,269.4325,627.4108
97,3438.1101,1171.9680,805.1351,795.6480,811.4598,834.2287,829.8014,681.8033,698.2475,698.2475,698.8800,681.8033,702.6748,704.5722,283.9793,280.8169,269.4325,287.7741,252.3558,316.8678,269.4325,627.4108
98,3438.1101,1171.9680,805.1351,795.6480,811.4598,834.2287,829.8014,834.8612,698.2475,698.2475,698.8800,681.8033,702.6748,704.5722,283.9793,280.8169,269.4325,287.7741,252.3558,316.8678,269.4325,627.4108
99,3438.1101,1171.9680,805.1351,795.6480,811.4598,834.2287,829.8014,834.8612,831.0664,698.2475,698.8800,681.8033,702.6748,704.5722,283.9793,280.8169,269.4325,287.7741,252.3558,316.8678,269.4325,627.4108
100,3438.1101,1171.9680,805.1351,795.6480,811.4598,834.2287,829.8014,834.8612,831.0664,833.5962,698.8800,681.8033,702.6748,704.5722,283.9793,280.8169,269.4325,287.7741,252.3558,316.8678,269.4325,627.4108
101,3438.1101,1171.9680,805.1351,795.6480,811.4598,834.2287,829.8014,834.8612,831.0664,833.5962,838.0235,681.8033,702.6748,704.5722,283.9793,280.8169,269.4325,287.7741,252.3558,316.8678,269.4325,627.4108
102,3438.1101,1171.9680,805.1351,795.6480,811.4598,834.2287,829.8014,834.8612,831.0664,833.5962,838.0235,820.9468,702.6748,704.5722,283.9793,280.8169,269.4325,287.7741,252.3558,316.8678,269.4325,627.4108
103,3438.1101,1171.9680,805.1351,795.6480,811.4598,834.2287,829.8014,834.8612,831.0664,833.5962,838.0235,820.9468,841.1859,704.5722,283.9793,280.8169,269.4325,287.7741,252.3558,316.8678,269.4325,627.4108
104,3438.1101,1171.9680,805.1351,795.6480,811.4598,834.2287,829.8014,834.8612,831.0664,833.5962,838.0235,820.9468,841.1859,833.5962,283.9793,280.8169,269.4325,287.7741,252.3558,316.8678,269.4325,627.4108
105,3438.1101,1171.9680,805.1351,795.6480,811.4598,834.2287,829.8014,834.8612,831.0664,833.5962,838.0235,820.9468,841.1859,833.5962,283.9793,280.8169,269.4325,287.7741,252.3558,316.8678,269.4325,748.8452
106,4519.0024,1171.9680,805.1351,795.6480,811.4598,834.2287,829.8014,834.8612,831.0664,833.5962,838.0235,820.9468,841.1859,833.5962,283.9793,280.8169,269.4325,287.7741,252.3558,316.8678,269.4325,748.8452
107,4519.0024,1361.7092,805.1351,795.6480,811.4598,834.2287,829.8014,834.8612,831.0664,833.5962,838.0235,820.9468,841.1859,833.5962,283.9793,280.8169,269.4325,287.7741,252.3558,316.8678,269.4325,748.8452
108,4519.0024,1361.7092,957.5605,795.6480,811.4598,834.2287,829.8014,834.8612,831.0664,833.5962,838.0235,820.9468,841.1859,833.5962,283.9793,280.8169,269.4325,287.7741,252.3558,316.8678,269.4325,748.8452
109,4519.0024,1361.7092,957.5605,937.3214,811.4598,834.2287,829.8014,834.8612,831.0664,833.5962,838.0235,820.9468,841.1859,833.5962,283.9793,280.8169,269.4325,287.7741,252.3558,316.8678,269.4325,748.8452
110,4519.0024,1361.7092,957.5605,937.3214,944.2786,834.2287,829.8014,834.8612,831.0664,833.5962,838.0235,820.9468,841.1859,833.5962,283.9793,280.8169,269.4325,287.7741,252.3558,316.8678,269.4325,748.8452
111,4519.0024,1361.7092,957.5605,937.3214,944.2786,968.9449,829.8014,834.8612,831.0664,833.5962,838.0235,820.9468,841.1859,833.5962,283.9793,280.8169,269.4325,287.7741,252.3558,316.8678,269.4325,748.8452
112,4519.0024,1361.7092,957.5605,937.3214,944.2786,968.9449,963.8852,834.8612,831.0664,833.5962,838.0235,820.9468,841.1859,833.5962,283.9793,280.8169,269.4325,287.7741,252.3558,316.8678,269.4325,748.8452
113,4519.0024,1361.7092,957.5605,937.3214,944.2786,968.9449,963.8852,987.9191,831.0664,833.5962,838.0235,820.9468,841.1859,833.5962,283.9793,280.8169,269.4325,287.7741,252.3558,316.8678,269.4325,748.8452
114,4519.0024,1361.7092,957.5605,937.3214,944.2786,968.9449,963.8852,987.9191,966.4151,833.5962,838.0235,820.9468,841.1859,833.5962,283.9793,280.8169,269.4325,287.7741,252.3558,316.8678,269.4325,748.8452
115,4519.0024,1361.7092,957.5605,937.3214,944.2786,968.9449,963.8852,987.9191,966.4151,968.9449,838.0235,820.9468,841.1859,833.5962,283.9793,280.8169,269.4325,287.7741,252.3558,316.8678,269.4325,748.8452
116,4519.0024,1361.7092,957.5605,937.3214,944.2786,968.9449,963.8852,987.9191,966.4151,968.9449,977.7995,820.9468,841.1859,833.5962,283.9793,280.8169,269.4325,287.7741,252.3558,316.8678,269.4325,748.8452
117,4519.0024,1361.7092,957.5605,937.3214,944.2786,968.9449,963.8852,987.9191,966.4151,968.9449,977.7995,960.0904,841.1859,833.5962,283.9793,280.8169,269.4325,287.7741,252.3558,316.8678,269.4325,748.8452
118,4519.0024,1361.7092,957.5605,937.3214,944.2786,968.9449,963.8852,987.9191,966.4151,968.9449,977.7995,960.0904,978.4320,833.5962,283.9793,280.8169,269.4325,287.7741,252.3558,316.8678,269.4325,748.8452
119,4519.0024,1361.7092,957.5605,937.3214,944.2786,968.9449,963.8852,987.9191,966.4151,968.9449,977.7995,960.0904,978.4320,963.2527,283.9793,280.8169,269.4325,287.7741,252.3558,316.8678,269.4325,748.8452
120,4519.0024,1361.7092,957.5605,937.3214,944.2786,968.9449,963.8852,987.9191,966.4151,968.9449,977.7995,960.0904,978.4320,963.2527,283.9793,280.8169,269.4325,287.7741,252.3558,316.8678,269.4325,867.1172
121,5597.3647,1361.7092,957.5605,937.3214,944.2786,968.9449,963.8852,987.9191,966.4151,968.9449,977.7995,960.0904,978.4320,963.2527,283.9793,280.8169,269.4325,287.7741,252.3558,316.8678,269.4325,867.1172
122,5597.3647,1571.0569,957.5605,937.3214,944.2786,968.9449,963.8852,987.9191,966.4151,968.9449,977.7995,960.0904,978.4320,963.2527,283.9793,280.8169,269.4325,287.7741,252.3558,316.8678,269.4325,867.1172
123,5597.3647,1571.0569,1082.1572,937.3214,944.2786,968.9449,963.8852,987.9191,966.4151,968.9449,977.7995,960.0904,978.4320,963.2527,283.9793,280.8169,269.4325,287.7741,252.3558,316.8678,269.4325,867.1172
124,5597.3647,1571.0569,1082.1572,1079.6273,944.2786,968.9449,963.8852,987.9191,966.4151,968.9449,977.7995,960.0904,978.4320,963.2527,283.9793,280.8169,269.4325,287.7741,252.3558,316.8678,269.4325,867.1172
125,5597.3647,1571.0569,1082.1572,1079.6273,1090.3793,968.9449,963.8852,987.9191,966.4151,968.9449,977.7995,960.0904,978.4320,963.2527,283.9793,280.8169,269.4325,287.7741,252.3558,316.8678,269.4325,867.1172
126,5597.3647,1571.0569,1082.1572,1079.6273,1090.3793,1101.1313,963.8852,987.9191,966.4151,968.9449,977.7995,960.0904,978.4320,963.2527,283.9793,280.8169,269.4325,287.7741,252.3558,316.8678,269.4325,867.1172
127,5597.3647,1571.0569,1082.1572,1079.6273,1090.3793,1101.1313,1100.4988,987.9191,966.4151,968.9449,977.7995,960.0904,978.4320,963.2527,283.9793,280.8169,269.4325,287.7741,252.3558,316.8678,269.4325,867.1172
128,5597.3647,1571.0569,1082.1572,1079.6273,1090.3793,1101.1313,1100.4988,1127.0626,966.4151,968.9449,977.7995,960.0904,978.4320,963.2527,283.9793,280.8169,269.4325,287.7741,252.3558,316.8678,269.4325,867.1172
129,5597.3647,1571.0569,1082.1572,1079.6273,1090.3793,1101.1313,1100.4988,1127.0626,1101.7638,968.9449,977.7995,960.0904,978.4320,963.2527,283.9793,280.8169,269.4325,287.7741,252.3558,316.8678,269.4325,867.1172
130,5597.3647,1571.0569,1082.1572,1079.6273,1090.3793,1101.1313,1100.4988,1127.0626,1101.7638,1115.6781,977.7995,960.0904,978.4320,963.2527,283.9793,280.8169,269.4325,287.7741,252.3558,316.8678,269.4325,867.1172
131,5597.3647,1571.0569,1082.1572,1079.6273,1090.3793,1101.1313,1100.4988,1127.0626,1101.7638,1115.6781,1116.9431,960.0904,978.4320,963.2527,283.9793,280.8169,269.4325,287.7741,252.3558,316.8678,269.4325,867.1172
132,5597.3647,1571.0569,1082.1572,1079.6273,1090.3793,1101.1313,1100.4988,1127.0626,1101.7638,1115.6781,1116.9431,1099.2339,978.4320,963.2527,283.9793,280.8169,269.4325,287.7741,252.3558,316.8678,269.4325,867.1172
133,5597.3647,1571.0569,1082.1572,1079.6273,1090.3793,1101.1313,1100.4988,1127.0626,1101.7638,1115.6781,1116.9431,1099.2339,1116.9431,963.2527,283.9793,280.8169,269.4325,287.7741,252.3558,316.8678,269.4325,867.1172
134,5597.3647,1571.0569,1082.1572,1079.6273,1090.3793,1101.1313,1100.4988,1127.0626,1101.7638,1115.6781,1116.9431,1099.2339,1116.9431,1108.7209,283.9793,280.8169,269.4325,287.7741,252.3558,316.8678,269.4325,867.1172
135,5597.3647,1571.0569,1082.1572,1079.6273,1090.3793,1101.1313,1100.4988,1127.0626,1101.7638,1115.6781,1116.9431,1099.2339,1116.9431,1108.7209,283.9793,280.8169,269.4325,287.7741,252.3558,316.8678,269.4325,987.9191
136,6642.2061,1571.0569,1082.1572,1079.6273,1090.3793,1101.1313,1100.4988,1127.0626,1101.7638,1115.6781,1116.9431,1099.2339,1116.9431,1108.7209,283.9793,280.8169,269.4325,287.7741,252.3558,316.8678,269.4325,987.9191
137,6642.2061,1798.1139,1082.1572,1079.6273,1090.3793,1101.1313,1100.4988,1127.0626,1101.7638,1115.6781,1116.9431,1099.2339,1116.9431,1108.7209,283.9793,280.8169,269.4325,287.7741,252.3558,316.8678,269.4325,987.9191
138,6642.2061,1798.1139,1234.5826,1079.6273,1090.3793,1101.1313,1100.4988,1127.0626,1101.7638,1115.6781,1116.9431,1099.2339,1116.9431,1108.7209,283.9793,280.8169,269.4325,287.7741,252.3558,316.8678,269.4325,987.9191
139,6642.2061,1798.1139,1234.5826,1192.8395,1090.3793,1101.1313,1100.4988,1127.0626,1101.7638,1115.6781,1116.9431,1099.2339,1116.9431,1108.7209,283.9793,280.8169,269.4325,287.7741,252.3558,316.8678,269.4325,987.9191
140,6642.2061,1798.1139,1234.5826,1192.8395,1234.5826,1101.1313,1100.4988,1127.0626,1101.7638,1115.6781,1116.9431,1099.2339,1116.9431,1108.7209,283.9793,280.8169,269.4325,287.7741,252.3558,316.8678,269.4325,987.9191
141,6642.2061,1798.1139,1234.5826,1192.8395,1234.5826,1236.4800,1100.4988,1127.0626,1101.7638,1115.6781,1116.9431,1099.2339,1116.9431,1108.7209,283.9793,280.8169,269.4325,287.7741,252.3558,316.8678,269.4325,987.9191
142,6642.2061,1798.1139,1234.5826,1192.8395,1234.5826,1236.4800,1264.9412,1127.0626,1101.7638,1115.6781,1116.9431,1099.2339,1116.9431,1108.7209,283.9793,280.8169,269.4325,287.7741,252.3558,316.8678,269.4325,987.9191
143,6642.2061,1798.1139,1234.5826,1192.8395,1234.5826,1236.4800,1264.9412,1252.2918,1101.7638,1115.6781,1116.9431,1099.2339,1116.9431,1108.7209,283.9793,280.8169,269.4325,287.7741,252.3558,316.8678,269.4325,987.9191
144,6642.2061,1798.1139,1234.5826,1192.8395,1234.5826,1236.4800,1264.9412,1252.2918,1220.0358,1115.6781,1116.9431,1099.2339,1116.9431,1108.7209,283.9793,280.8169,269.4325,287.7741,252.3558,316.8678,269.4325,987.9191
145,6642.2061,1798.1139,1234.5826,1192.8395,1234.5826,1236.4800,1264.9412,1252.2918,1220.0358,1264.9412,1116.9431,1099.2339,1116.9431,1108.7209,283.9793,280.8169,269.4325,287.7741,252.3558,316.8678,269.4325,987.9191
146,6642.2061,1798.1139,1234.5826,1192.8395,1234.5826,1236.4800,1264.9412,1252.2918,1220.0358,1264.9412,1256.0866,1099.2339,1116.9431,1108.7209,283.9793,280.8169,269.4325,287.7741,252.3558,316.8678,269.4325,987.9191
147,6642.2061,1798.1139,1234.5826,1192.8395,1234.5826,1236.4800,1264.9412,1252.2918,1220.0358,1264.9412,1256.0866,1238.3774,1116.9431,1108.7209,283.9793,280.8169,269.4325,287.7741,252.3558,316.8678,269.4325,987.9191
148,6642.2061,1798.1139,1234.5826,1192.8395,1234.5826,1236.4800,1264.9412,1252.2918,1220.0358,1264.9412,1256.0866,1238.3774,1255.4541,1108.7209,283.9793,280.8169,269.4325,287.7741,252.3558,316.8678,269.4325,987.9191
149,6642.2061,1798.1139,1234.5826,1192.8395,1234.5826,1236.4800,1264.9412,1252.2918,1220.0358,1264.9412,1256.0866,1238.3774,1255.4541,1251.6593,283.9793,280.8169,269.4325,287.7741,252.3558,316.8678,269.4325,987.9191
150,6642.2061,1798.1139,1234.5826,1192.8395,1234.5826,1236.4800,1264.9412,1252.2918,1220.0358,1264.9412,1256.0866,1238.3774,1255.4541,1251.6593,283.9793,280.8169,269.4325,287.7741,252.3558,316.8678,269.4325,1113.7807
151,7654.7915,1798.1139,1234.5826,1192.8395,1234.5826,1236.4800,1264.9412,1252.2918,1220.0358,1264.9412,1256.0866,1238.3774,1255.4541,1251.6593,283.9793,280.8169,269.4325,287.7741,252.3558,316.8678,269.4325,1113.7807
152,7654.7915,2051.7346,1234.5826,1192.8395,1234.5826,1236.4800,1264.9412,1252.2918,1220.0358,1264.9412,1256.0866,1238.3774,1255.4541,1251.6593,283.9793,280.8169,269.4325,287.7741,252.3558,316.8678,269.4325,1113.7807
153,7654.7915,2051.7346,1387.6405,1192.8395,1234.5826,1236.4800,1264.9412,1252.2918,1220.0358,1264.9412,1256.0866,1238.3774,1255.4541,1251.6593,283.9793,280.8169,269.4325,287.7741,252.3558,316.8678,269.4325,1113.7807
154,7654.7915,2051.7346,1387.6405,1306.0518,1234.5826,1236.4800,1264.9412,1252.2918,1220.0358,1264.9412,1256.0866,1238.3774,1255.4541,1251.6593,283.9793,280.8169,269.4325,287.7741,252.3558,316.8678,269.4325,1113.7807
155,7654.7915,2051.7346,1387.6405,1306.0518,1381.3158,1236.4800,1264.9412,1252.2918,1220.0358,1264.9412,1256.0866,1238.3774,1255.4541,1251.6593,283.9793,280.8169,269.4325,287.7741,252.3558,316.8678,269.4325,1113.7807
156,7654.7915,2051.7346,1387.6405,1306.0518,1381.3158,1371.8287,1264.9412,1252.2918,1220.0358,1264.9412,1256.0866,1238.3774,1255.4541,1251.6593,283.9793,280.8169,269.4325,287.7741,252.3558,316.8678,269.4325,1113.7807
157,7654.7915,2051.7346,1387.6405,1306.0518,1381.3158,1371.8287,1426.2212,1252.2918,1220.0358,1264.9412,1256.0866,1238.3774,1255.4541,1251.6593,283.9793,280.8169,269.4325,287.7741,252.3558,316.8678,269.4325,1113.7807
158,7654.7915,2051.7346,1387.6405,1306.0518,1381.3158,1371.8287,1426.2212,1377.5209,1220.0358,1264.9412,1256.0866,1238.3774,1255.4541,1251.6593,283.9793,280.8169,269.4325,287.7741,252.3558,316.8678,269.4325,1113.7807
159,7654.7915,2051.7346,1387.6405,1306.0518,1381.3158,1371.8287,1426.2212,1377.5209,1355.3845,1264.9412,1256.0866,1238.3774,1255.4541,1251.6593,283.9793,280.8169,269.4325,287.7741,252.3558,316.8678,269.4325,1113.7807
160,7654.7915,2051.7346,1387.6405,1306.0518,1381.3158,1371.8287,1426.2212,1377.5209,1355.3845,1400.9224,1256.0866,1238.3774,1255.4541,1251.6593,283.9793,280.8169,269.4325,287.7741,252.3558,316.8678,269.4325,1113.7807
161,7654.7915,2051.7346,1387.6405,1306.0518,1381.3158,1371.8287,1426.2212,1377.5209,1355.3845,1400.9224,1409.1445,1238.3774,1255.4541,1251.6593,283.9793,280.8169,269.4325,287.7741,252.3558,316.8678,269.4325,1113.7807
162,7654.7915,2051.7346,1387.6405,1306.0518,1381.3158,1371.8287,1426.2212,1377.5209,1355.3845,1400.9224,1409.1445,1363.6066,1255.4541,1251.6593,283.9793,280.8169,269.4325,287.7741,252.3558,316.8678,269.4325,1113.7807
163,7654.7915,2051.7346,1387.6405,1306.0518,1381.3158,1371.8287,1426.2212,1377.5209,1355.3845,1400.9224,1409.1445,1363.6066,1393.3327,1251.6593,283.9793,280.8169,269.4325,287.7741,252.3558,316.8678,269.4325,1113.7807
164,7654.7915,2051.7346,1387.6405,1306.0518,1381.3158,1371.8287,1426.2212,1377.5209,1355.3845,1400.9224,1409.1445,1363.6066,1393.3327,1394.5976,283.9793,280.8169,269.4325,287.7741,252.3558,316.8678,269.4325,1113.7807
165,7654.7915,2051.7346,1387.6405,1306.0518,1381.3158,1371.8287,1426.2212,1377.5209,1355.3845,1400.9224,1409.1445,1363.6066,1393.3327,1394.5976,283.9793,280.8169,269.4325,287.7741,252.3558,316.8678,269.4325,1232.0527
166,8779.3242,2051.7346,1387.6405,1306.0518,1381.3158,1371.8287,1426.2212,1377.5209,1355.3845,1400.9224,1409.1445,1363.6066,1393.3327,1394.5976,283.9793,280.8169,269.4325,287.7741,252.3558,316.8678,269.4325,1232.0527
167,8779.3242,2200.9976,1387.6405,1306.0518,1381.3158,1371.8287,1426.2212,1377.5209,1355.3845,1400.9224,1409.1445,1363.6066,1393.3327,1394.5976,283.9793,280.8169,269.4325,287.7741,252.3558,316.8678,269.4325,1232.0527
168,8779.3242,2200.9976,1526.7840,1306.0518,1381.3158,1371.8287,1426.2212,1377.5209,1355.3845,1400.9224,1409.1445,1363.6066,1393.3327,1394.5976,283.9793,280.8169,269.4325,287.7741,252.3558,316.8678,269.4325,1232.0527
169,8779.3242,2200.9976,1526.7840,1433.8108,1381.3158,1371.8287,1426.2212,1377.5209,1355.3845,1400.9224,1409.1445,1363.6066,1393.3327,1394.5976,283.9793,280.8169,269.4325,287.7741,252.3558,316.8678,269.4325,1232.0527
170,8779.3242,2200.9976,1526.7840,1433.8108,1527.4165,1371.8287,1426.2212,1377.5209,1355.3845,1400.9224,1409.1445,1363.6066,1393.3327,1394.5976,283.9793,280.8169,269.4325,287.7741,252.3558,316.8678,269.4325,1232.0527
171,8779.3242,2200.9976,1526.7840,1433.8108,1527.4165,1517.9294,1426.2212,1377.5209,1355.3845,1400.9224,1409.1445,1363.6066,1393.3327,1394.5976,283.9793,280.8169,269.4325,287.7741,252.3558,316.8678,269.4325,1232.0527
172,8779.3242,2200.9976,1526.7840,1433.8108,1527.4165,1517.9294,1562.8348,1377.5209,1355.3845,1400.9224,1409.1445,1363.6066,1393.3327,1394.5976,283.9793,280.8169,269.4325,287.7741,252.3558,316.8678,269.4325,1232.0527
173,8779.3242,2200.9976,1526.7840,1433.8108,1527.4165,1517.9294,1562.8348,1516.6645,1355.3845,1400.9224,1409.1445,1363.6066,1393.3327,1394.5976,283.9793,280.8169,269.4325,287.7741,252.3558,316.8678,269.4325,1232.0527
174,8779.3242,2200.9976,1526.7840,1433.8108,1527.4165,1517.9294,1562.8348,1516.6645,1490.7332,1400.9224,1409.1445,1363.6066,1393.3327,1394.5976,283.9793,280.8169,269.4325,287.7741,252.3558,316.8678,269.4325,1232.0527
175,8779.3242,2200.9976,1526.7840,1433.8108,1527.4165,1517.9294,1562.8348,1516.6645,1490.7332,1533.7412,1409.1445,1363.6066,1393.3327,1394.5976,283.9793,280.8169,269.4325,287.7741,252.3558,316.8678,269.4325,1232.0527
176,8779.3242,2200.9976,1526.7840,1433.8108,1527.4165,1517.9294,1562.8348,1516.6645,1490.7332,1533.7412,1548.9205,1363.6066,1393.3327,1394.5976,283.9793,280.8169,269.4325,287.7741,252.3558,316.8678,269.4325,1232.0527
177,8779.3242,2200.9976,1526.7840,1433.8108,1527.4165,1517.9294,1562.8348,1516.6645,1490.7332,1533.7412,1548.9205,1488.8358,1393.3327,1394.5976,283.9793,280.8169,269.4325,287.7741,252.3558,316.8678,269.4325,1232.0527
178,8779.3242,2200.9976,1526.7840,1433.8108,1527.4165,1517.9294,1562.8348,1516.6645,1490.7332,1533.7412,1548.9205,1488.8358,1544.4932,1394.5976,283.9793,280.8169,269.4325,287.7741,252.3558,316.8678,269.4325,1232.0527
179,8779.3242,2200.9976,1526.7840,1433.8108,1527.4165,1517.9294,1562.8348,1516.6645,1490.7332,1533.7412,1548.9205,1488.8358,1544.4932,1538.8009,283.9793,280.8169,269.4325,287.7741,252.3558,316.8678,269.4325,1232.0527
180,8779.3242,2200.9976,1526.7840,1433.8108,1527.4165,1517.9294,1562.8348,1516.6645,1490.7332,1533.7412,1548.9205,1488.8358,1544.4932,1538.8009,283.9793,280.8169,269.4325,287.7741,252.3558,316.8678,269.4325,1353.4871
181,9868.4386,2200.9976,1526.7840,1433.8108,1527.4165,1517.9294,1562.8348,1516.6645,1490.7332,1533.7412,1548.9205,1488.8358,1544.4932,1538.8009,283.9793,280.8169,269.4325,287.7741,252.3558,316.8678,269.4325,1353.4871
182,9868.4386,2412.8753,1526.7840,1433.8108,1527.4165,1517.9294,1562.8348,1516.6645,1490.7332,1533.7412,1548.9205,1488.8358,1544.4932,1538.8009,283.9793,280.8169,269.4325,287.7741,252.3558,316.8678,269.4325,1353.4871
183,9868.4386,2412.8753,1651.3807,1433.8108,1527.4165,1517.9294,1562.8348,1516.6645,1490.7332,1533.7412,1548.9205,1488.8358,1544.4932,1538.8009,283.9793,280.8169,269.4325,287.7741,252.3558,316.8678,269.4325,1353.4871
184,9868.4386,2412.8753,1651.3807,1547.0231,1527.4165,1517.9294,1562.8348,1516.6645,1490.7332,1533.7412,1548.9205,1488.8358,1544.4932,1538.8009,283.9793,280.8169,269.4325,287.7741,252.3558,316.8678,269.4325,1353.4871
185,9868.4386,2412.8753,1651.3807,1547.0231,1672.2522,1517.9294,1562.8348,1516.6645,1490.7332,1533.7412,1548.9205,1488.8358,1544.4932,1538.8009,283.9793,280.8169,269.4325,287.7741,252.3558,316.8678,269.4325,1353.4871
186,9868.4386,2412.8753,1651.3807,1547.0231,1672.2522,1680.4744,1562.8348,1516.6645,1490.7332,1533.7412,1548.9205,1488.8358,1544.4932,1538.8009,283.9793,280.8169,269.4325,287.7741,252.3558,316.8678,269.4325,1353.4871
187,9868.4386,2412.8753,1651.3807,1547.0231,1672.2522,1680.4744,1685.5341,1516.6645,1490.7332,1533.7412,1548.9205,1488.8358,1544.4932,1538.8009,283.9793,280.8169,269.4325,287.7741,252.3558,316.8678,269.4325,1353.4871
188,9868.4386,2412.8753,1651.3807,1547.0231,1672.2522,1680.4744,1685.5341,1655.1755,1490.7332,1533.7412,1548.9205,1488.8358,1544.4932,1538.8009,283.9793,280.8169,269.4325,287.7741,252.3558,316.8678,269.4325,1353.4871
189,9868.4386,2412.8753,1651.3807,1547.0231,1672.2522,1680.4744,1685.5341,1655.1755,1623.5520,1533.7412,1548.9205,1488.8358,1544.4932,1538.8009,283.9793,280.8169,269.4325,287.7741,252.3558,316.8678,269.4325,1353.4871
190,9868.4386,2412.8753,1651.3807,1547.0231,1672.2522,1680.4744,1685.5341,1655.1755,1623.5520,1669.0899,1548.9205,1488.8358,1544.4932,1538.8009,283.9793,280.8169,269.4325,287.7741,252.3558,316.8678,269.4325,1353.4871
191,9868.4386,2412.8753,1651.3807,1547.0231,1672.2522,1680.4744,1685.5341,1655.1755,1623.5520,1669.0899,1688.0640,1488.8358,1544.4932,1538.8009,283.9793,280.8169,269.4325,287.7741,252.3558,316.8678,269.4325,1353.4871
192,9868.4386,2412.8753,1651.3807,1547.0231,1672.2522,1680.4744,1685.5341,1655.1755,1623.5520,1669.0899,1688.0640,1627.9793,1544.4932,1538.8009,283.9793,280.8169,269.4325,287.7741,252.3558,316.8678,269.4325,1353.4871
193,9868.4386,2412.8753,1651.3807,1547.0231,1672.2522,1680.4744,1685.5341,1655.1755,1623.5520,1669.0899,1688.0640,1627.9793,1683.0042,1538.8009,283.9793,280.8169,269.4325,287.7741,252.3558,316.8678,269.4325,1353.4871
194,9868.4386,2412.8753,1651.3807,1547.0231,1672.2522,1680.4744,1685.5341,1655.1755,1623.5520,1669.0899,1688.0640,1627.9793,1683.0042,1667.8249,283.9793,280.8169,269.4325,287.7741,252.3558,316.8678,269.4325,1353.4871
195,9868.4386,2412.8753,1651.3807,1547.0231,1672.2522,1680.4744,1685.5341,1655.1755,1623.5520,1669.0899,1688.0640,1627.9793,1683.0042,1667.8249,283.9793,280.8169,269.4325,287.7741,252.3558,316.8678,269.4325,1471.1266
196,10993.6038,2412.8753,1651.3807,1547.0231,1672.2522,1680.4744,1685.5341,1655.1755,1623.5520,1669.0899,1688.0640,1627.9793,1683.0042,1667.8249,283.9793,280.8169,269.4325,287.7741,252.3558,316.8678,269.4325,1471.1266
197,10993.6038,2576.6852,1651.3807,1547.0231,1672.2522,1680.4744,1685.5341,1655.1755,1623.5520,1669.0899,1688.0640,1627.9793,1683.0042,1667.8249,283.9793,280.8169,269.4325,287.7741,252.3558,316.8678,269.4325,1471.1266
198,10993.6038,2576.6852,1775.9774,1547.0231,1672.2522,1680.4744,1685.5341,1655.1755,1623.5520,1669.0899,1688.0640,1627.9793,1683.0042,1667.8249,283.9793,280.8169,269.4325,287.7741,252.3558,316.8678,269.4325,1471.1266
199,10993.6038,2576.6852,1775.9774,1715.8927,1672.2522,1680.4744,1685.5341,1655.1755,1623.5520,1669.0899,1688.0640,1627.9793,1683.0042,1667.8249,283.9793,280.8169,269.4325,287.7741,252.3558,316.8678,269.4325,1471.1266
200,10993.6038,2576.6852,1775.9774,1715.8927,1791.1567,1680.4744,1685.5341,1655.1755,1623.5520,1669.0899,1688.0640,1627.9793,1683.0042,1667.8249,283.9793,280.8169,269.4325,287.7741,252.3558,316.8678,269.4325,1471.1266
201,10993.6038,2576.6852,1775.9774,1715.8927,1791.1567,1813.9256,1685.5341,1655.1755,1623.5520,1669.0899,1688.0640,1627.9793,1683.0042,1667.8249,283.9793,280.8169,269.4325,287.7741,252.3558,316.8678,269.4325,1471.1266
202,10993.6038,2576.6852,1775.9774,1715.8927,1791.1567,1813.9256,1821.5153,1655.1755,1623.5520,1669.0899,1688.0640,1627.9793,1683.0042,1667.8249,283.9793,280.8169,269.4325,287.7741,252.3558,316.8678,269.4325,1471.1266
203,10993.6038,2576.6852,1775.9774,1715.8927,1791.1567,1813.9256,1821.5153,1794.3191,1623.5520,1669.0899,1688.0640,1627.9793,1683.0042,1667.8249,283.9793,280.8169,269.4325,287.7741,252.3558,316.8678,269.4325,1471.1266
204,10993.6038,2576.6852,1775.9774,1715.8927,1791.1567,1813.9256,1821.5153,1794.3191,1772.1826,1669.0899,1688.0640,1627.9793,1683.0042,1667.8249,283.9793,280.8169,269.4325,287.7741,252.3558,316.8678,269.4325,1471.1266
205,10993.6038,2576.6852,1775.9774,1715.8927,1791.1567,1813.9256,1821.5153,1794.3191,1772.1826,1803.8061,1688.0640,1627.9793,1683.0042,1667.8249,283.9793,280.8169,269.4325,287.7741,252.3558,316.8678,269.4325,1471.1266
206,10993.6038,2576.6852,1775.9774,1715.8927,1791.1567,1813.9256,1821.5153,1794.3191,1772.1826,1803.8061,1828.4725,1627.9793,1683.0042,1667.8249,283.9793,280.8169,269.4325,287.7741,252.3558,316.8678,269.4325,1471.1266
207,10993.6038,2576.6852,1775.9774,1715.8927,1791.1567,1813.9256,1821.5153,1794.3191,1772.1826,1803.8061,1828.4725,1767.1228,1683.0042,1667.8249,283.9793,280.8169,269.4325,287.7741,252.3558,316.8678,269.4325,1471.1266
208,10993.6038,2576.6852,1775.9774,1715.8927,1791.1567,1813.9256,1821.5153,1794.3191,1772.1826,1803.8061,1828.4725,1767.1228,1818.9854,1667.8249,283.9793,280.8169,269.4325,287.7741,252.3558,316.8678,269.4325,1471.1266
209,10993.6038,2576.6852,1775.9774,1715.8927,1791.1567,1813.9256,1821.5153,1794.3191,1772.1826,1803.8061,1828.4725,1767.1228,1818.9854,1797.4814,283.9793,280.8169,269.4325,287.7741,252.3558,316.8678,269.4325,1471.1266
210,10993.6038,2576.6852,1775.9774,1715.8927,1791.1567,1813.9256,1821.5153,1794.3191,1772.1826,1803.8061,1828.4725,1767.1228,1818.9854,1797.4814,283.9793,280.8169,269.4325,287.7741,252.3558,316.8678,269.4325,1593.8259
211,12099.7948,2576.6852,1775.9774,1715.8927,1791.1567,1813.9256,1821.5153,1794.3191,1772.1826,1803.8061,1828.4725,1767.1228,1818.9854,1797.4814,283.9793,280.8169,269.4325,287.7741,252.3558,316.8678,269.4325,1593.8259
212,12099.7948,2741.1275,1775.9774,1715.8927,1791.1567,1813.9256,1821.5153,1794.3191,1772.1826,1803.8061,1828.4725,1767.1228,1818.9854,1797.4814,283.9793,280.8169,269.4325,287.7741,252.3558,316.8678,269.4325,1593.8259
213,12099.7948,2741.1275,1915.1209,1715.8927,1791.1567,1813.9256,1821.5153,1794.3191,1772.1826,1803.8061,1828.4725,1767.1228,1818.9854,1797.4814,283.9793,280.8169,269.4325,287.7741,252.3558,316.8678,269.4325,1593.8259
214,12099.7948,2741.1275,1915.1209,1870.2155,1791.1567,1813.9256,1821.5153,1794.3191,1772.1826,1803.8061,1828.4725,1767.1228,1818.9854,1797.4814,283.9793,280.8169,269.4325,287.7741,252.3558,316.8678,269.4325,1593.8259
215,12099.7948,2741.1275,1915.1209,1870.2155,1922.7106,1813.9256,1821.5153,1794.3191,1772.1826,1803.8061,1828.4725,1767.1228,1818.9854,1797.4814,283.9793,280.8169,269.4325,287.7741,252.3558,316.8678,269.4325,1593.8259
216,12099.7948,2741.1275,1915.1209,1870.2155,1922.7106,1948.6419,1821.5153,1794.3191,1772.1826,1803.8061,1828.4725,1767.1228,1818.9854,1797.4814,283.9793,280.8169,269.4325,287.7741,252.3558,316.8678,269.4325,1593.8259
217,12099.7948,2741.1275,1915.1209,1870.2155,1922.7106,1948.6419,1971.4108,1794.3191,1772.1826,1803.8061,1828.4725,1767.1228,1818.9854,1797.4814,283.9793,280.8169,269.4325,287.7741,252.3558,316.8678,269.4325,1593.8259
218,12099.7948,2741.1275,1915.1209,1870.2155,1922.7106,1948.6419,1971.4108,1919.5482,1772.1826,1803.8061,1828.4725,1767.1228,1818.9854,1797.4814,283.9793,280.8169,269.4325,287.7741,252.3558,316.8678,269.4325,1593.8259
219,12099.7948,2741.1275,1915.1209,1870.2155,1922.7106,1948.6419,1971.4108,1919.5482,1906.8988,1803.8061,1828.4725,1767.1228,1818.9854,1797.4814,283.9793,280.8169,269.4325,287.7741,252.3558,316.8678,269.4325,1593.8259
220,12099.7948,2741.1275,1915.1209,1870.2155,1922.7106,1948.6419,1971.4108,1919.5482,1906.8988,1951.1718,1828.4725,1767.1228,1818.9854,1797.4814,283.9793,280.8169,269.4325,287.7741,252.3558,316.8678,269.4325,1593.8259
221,12099.7948,2741.1275,1915.1209,1870.2155,1922.7106,1948.6419,1971.4108,1919.5482,1906.8988,1951.1718,1968.2485,1767.1228,1818.9854,1797.4814,283.9793,280.8169,269.4325,287.7741,252.3558,316.8678,269.4325,1593.8259
222,12099.7948,2741.1275,1915.1209,1870.2155,1922.7106,1948.6419,1971.4108,1919.5482,1906.8988,1951.1718,1968.2485,1906.2664,1818.9854,1797.4814,283.9793,280.8169,269.4325,287.7741,252.3558,316.8678,269.4325,1593.8259
223,12099.7948,2741.1275,1915.1209,1870.2155,1922.7106,1948.6419,1971.4108,1919.5482,1906.8988,1951.1718,1968.2485,1906.2664,1957.4965,1797.4814,283.9793,280.8169,269.4325,287.7741,252.3558,316.8678,269.4325,1593.8259
224,12099.7948,2741.1275,1915.1209,1870.2155,1922.7106,1948.6419,1971.4108,1919.5482,1906.8988,1951.1718,1968.2485,1906.2664,1957.4965,1939.7873,283.9793,280.8169,269.4325,287.7741,252.3558,316.8678,269.4325,1593.8259
225,12099.7948,2741.1275,1915.1209,1870.2155,1922.7106,1948.6419,1971.4108,1919.5482,1906.8988,1951.1718,1968.2485,1906.2664,1957.4965,1939.7873,283.9793,280.8169,269.4325,287.7741,252.3558,316.8678,269.4325,1715.2602
226,13099.7308,2741.1275,1915.1209,1870.2155,1922.7106,1948.6419,1971.4108,1919.5482,1906.8988,1951.1718,1968.2485,1906.2664,1957.4965,1939.7873,283.9793,280.8169,269.4325,287.7741,252.3558,316.8678,269.4325,1715.2602
227,13099.7308,3014.9873,1915.1209,1870.2155,1922.7106,1948.6419,1971.4108,1919.5482,1906.8988,1951.1718,1968.2485,1906.2664,1957.4965,1939.7873,283.9793,280.8169,269.4325,287.7741,252.3558,316.8678,269.4325,1715.2602
228,13099.7308,3014.9873,2039.0852,1870.2155,1922.7106,1948.6419,1971.4108,1919.5482,1906.8988,1951.1718,1968.2485,1906.2664,1957.4965,1939.7873,283.9793,280.8169,269.4325,287.7741,252.3558,316.8678,269.4325,1715.2602
229,13099.7308,3014.9873,2039.0852,2025.8033,1922.7106,1948.6419,1971.4108,1919.5482,1906.8988,1951.1718,1968.2485,1906.2664,1957.4965,1939.7873,283.9793,280.8169,269.4325,287.7741,252.3558,316.8678,269.4325,1715.2602
230,13099.7308,3014.9873,2039.0852,2025.8033,2053.6320,1948.6419,1971.4108,1919.5482,1906.8988,1951.1718,1968.2485,1906.2664,1957.4965,1939.7873,283.9793,280.8169,269.4325,287.7741,252.3558,316.8678,269.4325,1715.2602
231,13099.7308,3014.9873,2039.0852,2025.8033,2053.6320,2096.0075,1971.4108,1919.5482,1906.8988,1951.1718,1968.2485,1906.2664,1957.4965,1939.7873,283.9793,280.8169,269.4325,287.7741,252.3558,316.8678,269.4325,1715.2602
232,13099.7308,3014.9873,2039.0852,2025.8033,2053.6320,2096.0075,2122.5713,1919.5482,1906.8988,1951.1718,1968.2485,1906.2664,1957.4965,1939.7873,283.9793,280.8169,269.4325,287.7741,252.3558,316.8678,269.4325,1715.2602
233,13099.7308,3014.9873,2039.0852,2025.8033,2053.6320,2096.0075,2122.5713,2044.7774,1906.8988,1951.1718,1968.2485,1906.2664,1957.4965,1939.7873,283.9793,280.8169,269.4325,287.7741,252.3558,316.8678,269.4325,1715.2602
234,13099.7308,3014.9873,2039.0852,2025.8033,2053.6320,2096.0075,2122.5713,2044.7774,2039.7176,1951.1718,1968.2485,1906.2664,1957.4965,1939.7873,283.9793,280.8169,269.4325,287.7741,252.3558,316.8678,269.4325,1715.2602
235,13099.7308,3014.9873,2039.0852,2025.8033,2053.6320,2096.0075,2122.5713,2044.7774,2039.7176,2072.6061,1968.2485,1906.2664,1957.4965,1939.7873,283.9793,280.8169,269.4325,287.7741,252.3558,316.8678,269.4325,1715.2602
236,13099.7308,3014.9873,2039.0852,2025.8033,2053.6320,2096.0075,2122.5713,2044.7774,2039.7176,2072.6061,2121.3064,1906.2664,1957.4965,1939.7873,283.9793,280.8169,269.4325,287.7741,252.3558,316.8678,269.4325,1715.2602
237,13099.7308,3014.9873,2039.0852,2025.8033,2053.6320,2096.0075,2122.5713,2044.7774,2039.7176,2072.6061,2121.3064,2045.4099,1957.4965,1939.7873,283.9793,280.8169,269.4325,287.7741,252.3558,316.8678,269.4325,1715.2602
238,13099.7308,3014.9873,2039.0852,2025.8033,2053.6320,2096.0075,2122.5713,2044.7774,2039.7176,2072.6061,2121.3064,2045.4099,2094.7426,1939.7873,283.9793,280.8169,269.4325,287.7741,252.3558,316.8678,269.4325,1715.2602
239,13099.7308,3014.9873,2039.0852,2025.8033,2053.6320,2096.0075,2122.5713,2044.7774,2039.7176,2072.6061,2121.3064,2045.4099,2094.7426,2083.3581,283.9793,280.8169,269.4325,287.7741,252.3558,316.8678,269.4325,1715.2602
240,13099.7308,3014.9873,2039.0852,2025.8033,2053.6320,2096.0075,2122.5713,2044.7774,2039.7176,2072.6061,2121.3064,2045.4099,2094.7426,2083.3581,283.9793,280.8169,269.4325,287.7741,252.3558,316.8678,269.4325,1836.6946
241,14228.6908,3014.9873,2039.0852,2025.8033,2053.6320,2096.0075,2122.5713,2044.7774,2039.7176,2072.6061,2121.3064,2045.4099,2094.7426,2083.3581,283.9793,280.8169,269.4325,287.7741,252.3558,316.8678,269.4325,1836.6946
242,14228.6908,3157.9256,2039.0852,2025.8033,2053.6320,2096.0075,2122.5713,2044.7774,2039.7176,2072.6061,2121.3064,2045.4099,2094.7426,2083.3581,283.9793,280.8169,269.4325,287.7741,252.3558,316.8678,269.4325,1836.6946
243,14228.6908,3157.9256,2163.6819,2025.8033,2053.6320,2096.0075,2122.5713,2044.7774,2039.7176,2072.6061,2121.3064,2045.4099,2094.7426,2083.3581,283.9793,280.8169,269.4325,287.7741,252.3558,316.8678,269.4325,1836.6946
244,14228.6908,3157.9256,2163.6819,2181.3911,2053.6320,2096.0075,2122.5713,2044.7774,2039.7176,2072.6061,2121.3064,2045.4099,2094.7426,2083.3581,283.9793,280.8169,269.4325,287.7741,252.3558,316.8678,269.4325,1836.6946
245,14228.6908,3157.9256,2163.6819,2181.3911,2185.1859,2096.0075,2122.5713,2044.7774,2039.7176,2072.6061,2121.3064,2045.4099,2094.7426,2083.3581,283.9793,280.8169,269.4325,287.7741,252.3558,316.8678,269.4325,1836.6946
246,14228.6908,3157.9256,2163.6819,2181.3911,2185.1859,2230.0913,2122.5713,2044.7774,2039.7176,2072.6061,2121.3064,2045.4099,2094.7426,2083.3581,283.9793,280.8169,269.4325,287.7741,252.3558,316.8678,269.4325,1836.6946
247,14228.6908,3157.9256,2163.6819,2181.3911,2185.1859,2230.0913,2272.4668,2044.7774,2039.7176,2072.6061,2121.3064,2045.4099,2094.7426,2083.3581,283.9793,280.8169,269.4325,287.7741,252.3558,316.8678,269.4325,1836.6946
248,14228.6908,3157.9256,2163.6819,2181.3911,2185.1859,2230.0913,2272.4668,2183.9209,2039.7176,2072.6061,2121.3064,2045.4099,2094.7426,2083.3581,283.9793,280.8169,269.4325,287.7741,252.3558,316.8678,269.4325,1836.6946
249,14228.6908,3157.9256,2163.6819,2181.3911,2185.1859,2230.0913,2272.4668,2183.9209,2174.4339,2072.6061,2121.3064,2045.4099,2094.7426,2083.3581,283.9793,280.8169,269.4325,287.7741,252.3558,316.8678,269.4325,1836.6946
250,14228.6908,3157.9256,2163.6819,2181.3911,2185.1859,2230.0913,2272.4668,2183.9209,2174.4339,2207.9548,2121.3064,2045.4099,2094.7426,2083.3581,283.9793,280.8169,269.4325,287.7741,252.3558,316.8678,269.4325,1836.6946
251,14228.6908,3157.9256,2163.6819,2181.3911,2185.1859,2230.0913,2272.4668,2183.9209,2174.4339,2207.9548,2247.1680,2045.4099,2094.7426,2083.3581,283.9793,280.8169,269.4325,287.7741,252.3558,316.8678,269.4325,1836.6946
252,14228.6908,3157.9256,2163.6819,2181.3911,2185.1859,2230.0913,2272.4668,2183.9209,2174.4339,2207.9548,2247.1680,2198.4678,2094.7426,2083.3581,283.9793,280.8169,269.4325,287.7741,252.3558,316.8678,269.4325,1836.6946
253,14228.6908,3157.9256,2163.6819,2181.3911,2185.1859,2230.0913,2272.4668,2183.9209,2174.4339,2207.9548,2247.1680,2198.4678,2244.6381,2083.3581,283.9793,280.8169,269.4325,287.7741,252.3558,316.8678,269.4325,1836.6946
254,14228.6908,3157.9256,2163.6819,2181.3911,2185.1859,2230.0913,2272.4668,2183.9209,2174.4339,2207.9548,2247.1680,2198.4678,2244.6381,2213.6471,283.9793,280.8169,269.4325,287.7741,252.3558,316.8678,269.4325,1836.6946
255,14228.6908,3157.9256,2163.6819,2181.3911,2185.1859,2230.0913,2272.4668,2183.9209,2174.4339,2207.9548,2247.1680,2198.4678,2244.6381,2213.6471,283.9793,280.8169,269.4325,287.7741,252.3558,316.8678,269.4325,1958.1289
256,15293.1388,3157.9256,2163.6819,2181.3911,2185.1859,2230.0913,2272.4668,2183.9209,2174.4339,2207.9548,2247.1680,2198.4678,2244.6381,2213.6471,283.9793,280.8169,269.4325,287.7741,252.3558,316.8678,269.4325,1958.1289
257,15293.1388,3364.7435,2163.6819,2181.3911,2185.1859,2230.0913,2272.4668,2183.9209,2174.4339,2207.9548,2247.1680,2198.4678,2244.6381,2213.6471,283.9793,280.8169,269.4325,287.7741,252.3558,316.8678,269.4325,1958.1289
258,15293.1388,3364.7435,2302.8254,2181.3911,2185.1859,2230.0913,2272.4668,2183.9209,2174.4339,2207.9548,2247.1680,2198.4678,2244.6381,2213.6471,283.9793,280.8169,269.4325,287.7741,252.3558,316.8678,269.4325,1958.1289
259,15293.1388,3364.7435,2302.8254,2335.7139,2185.1859,2230.0913,2272.4668,2183.9209,2174.4339,2207.9548,2247.1680,2198.4678,2244.6381,2213.6471,283.9793,280.8169,269.4325,287.7741,252.3558,316.8678,269.4325,1958.1289
260,15293.1388,3364.7435,2302.8254,2335.7139,2303.4579,2230.0913,2272.4668,2183.9209,2174.4339,2207.9548,2247.1680,2198.4678,2244.6381,2213.6471,283.9793,280.8169,269.4325,287.7741,252.3558,316.8678,269.4325,1958.1289
261,15293.1388,3364.7435,2302.8254,2335.7139,2303.4579,2364.1751,2272.4668,2183.9209,2174.4339,2207.9548,2247.1680,2198.4678,2244.6381,2213.6471,283.9793,280.8169,269.4325,287.7741,252.3558,316.8678,269.4325,1958.1289
262,15293.1388,3364.7435,2302.8254,2335.7139,2303.4579,2364.1751,2422.3624,2183.9209,2174.4339,2207.9548,2247.1680,2198.4678,2244.6381,2213.6471,283.9793,280.8169,269.4325,287.7741,252.3558,316.8678,269.4325,1958.1289
263,15293.1388,3364.7435,2302.8254,2335.7139,2303.4579,2364.1751,2422.3624,2323.0645,2174.4339,2207.9548,2247.1680,2198.4678,2244.6381,2213.6471,283.9793,280.8169,269.4325,287.7741,252.3558,316.8678,269.4325,1958.1289
264,15293.1388,3364.7435,2302.8254,2335.7139,2303.4579,2364.1751,2422.3624,2323.0645,2309.1501,2207.9548,2247.1680,2198.4678,2244.6381,2213.6471,283.9793,280.8169,269.4325,287.7741,252.3558,316.8678,269.4325,1958.1289
265,15293.1388,3364.7435,2302.8254,2335.7139,2303.4579,2364.1751,2422.3624,2323.0645,2309.1501,2342.0386,2247.1680,2198.4678,2244.6381,2213.6471,283.9793,280.8169,269.4325,287.7741,252.3558,316.8678,269.4325,1958.1289
266,15293.1388,3364.7435,2302.8254,2335.7139,2303.4579,2364.1751,2422.3624,2323.0645,2309.1501,2342.0386,2386.9440,2198.4678,2244.6381,2213.6471,283.9793,280.8169,269.4325,287.7741,252.3558,316.8678,269.4325,1958.1289
267,15293.1388,3364.7435,2302.8254,2335.7139,2303.4579,2364.1751,2422.3624,2323.0645,2309.1501,2342.0386,2386.9440,2337.6113,2244.6381,2213.6471,283.9793,280.8169,269.4325,287.7741,252.3558,316.8678,269.4325,1958.1289
268,15293.1388,3364.7435,2302.8254,2335.7139,2303.4579,2364.1751,2422.3624,2323.0645,2309.1501,2342.0386,2386.9440,2337.6113,2381.2518,2213.6471,283.9793,280.8169,269.4325,287.7741,252.3558,316.8678,269.4325,1958.1289
269,15293.1388,3364.7435,2302.8254,2335.7139,2303.4579,2364.1751,2422.3624,2323.0645,2309.1501,2342.0386,2386.9440,2337.6113,2381.2518,2343.9360,283.9793,280.8169,269.4325,287.7741,252.3558,316.8678,269.4325,1958.1289
270,15293.1388,3364.7435,2302.8254,2335.7139,2303.4579,2364.1751,2422.3624,2323.0645,2309.1501,2342.0386,2386.9440,2337.6113,2381.2518,2343.9360,283.9793,280.8169,269.4325,287.7741,252.3558,316.8678,269.4325,2079.5633
271,16396.1675,3364.7435,2302.8254,2335.7139,2303.4579,2364.1751,2422.3624,2323.0645,2309.1501,2342.0386,2386.9440,2337.6113,2381.2518,2343.9360,283.9793,280.8169,269.4325,287.7741,252.3558,316.8678,269.4325,2079.5633
272,16396.1675,3548.7925,2302.8254,2335.7139,2303.4579,2364.1751,2422.3624,2323.0645,2309.1501,2342.0386,2386.9440,2337.6113,2381.2518,2343.9360,283.9793,280.8169,269.4325,287.7741,252.3558,316.8678,269.4325,2079.5633
273,16396.1675,3548.7925,2440.7040,2335.7139,2303.4579,2364.1751,2422.3624,2323.0645,2309.1501,2342.0386,2386.9440,2337.6113,2381.2518,2343.9360,283.9793,280.8169,269.4325,287.7741,252.3558,316.8678,269.4325,2079.5633
274,16396.1675,3548.7925,2440.7040,2491.3016,2303.4579,2364.1751,2422.3624,2323.0645,2309.1501,2342.0386,2386.9440,2337.6113,2381.2518,2343.9360,283.9793,280.8169,269.4325,287.7741,252.3558,316.8678,269.4325,2079.5633
275,16396.1675,3548.7925,2440.7040,2491.3016,2420.4649,2364.1751,2422.3624,2323.0645,2309.1501,2342.0386,2386.9440,2337.6113,2381.2518,2343.9360,283.9793,280.8169,269.4325,287.7741,252.3558,316.8678,269.4325,2079.5633
276,16396.1675,3548.7925,2440.7040,2491.3016,2420.4649,2498.2588,2422.3624,2323.0645,2309.1501,2342.0386,2386.9440,2337.6113,2381.2518,2343.9360,283.9793,280.8169,269.4325,287.7741,252.3558,316.8678,269.4325,2079.5633
277,16396.1675,3548.7925,2440.7040,2491.3016,2420.4649,2498.2588,2559.6085,2323.0645,2309.1501,2342.0386,2386.9440,2337.6113,2381.2518,2343.9360,283.9793,280.8169,269.4325,287.7741,252.3558,316.8678,269.4325,2079.5633
278,16396.1675,3548.7925,2440.7040,2491.3016,2420.4649,2498.2588,2559.6085,2461.5755,2309.1501,2342.0386,2386.9440,2337.6113,2381.2518,2343.9360,283.9793,280.8169,269.4325,287.7741,252.3558,316.8678,269.4325,2079.5633
279,16396.1675,3548.7925,2440.7040,2491.3016,2420.4649,2498.2588,2559.6085,2461.5755,2457.1482,2342.0386,2386.9440,2337.6113,2381.2518,2343.9360,283.9793,280.8169,269.4325,287.7741,252.3558,316.8678,269.4325,2079.5633
280,16396.1675,3548.7925,2440.7040,2491.3016,2420.4649,2498.2588,2559.6085,2461.5755,2457.1482,2476.1224,2386.9440,2337.6113,2381.2518,2343.9360,283.9793,280.8169,269.4325,287.7741,252.3558,316.8678,269.4325,2079.5633
281,16396.1675,3548.7925,2440.7040,2491.3016,2420.4649,2498.2588,2559.6085,2461.5755,2457.1482,2476.1224,2526.0875,2337.6113,2381.2518,2343.9360,283.9793,280.8169,269.4325,287.7741,252.3558,316.8678,269.4325,2079.5633
282,16396.1675,3548.7925,2440.7040,2491.3016,2420.4649,2498.2588,2559.6085,2461.5755,2457.1482,2476.1224,2526.0875,2476.7548,2381.2518,2343.9360,283.9793,280.8169,269.4325,287.7741,252.3558,316.8678,269.4325,2079.5633
283,16396.1675,3548.7925,2440.7040,2491.3016,2420.4649,2498.2588,2559.6085,2461.5755,2457.1482,2476.1224,2526.0875,2476.7548,2519.1304,2343.9360,283.9793,280.8169,269.4325,287.7741,252.3558,316.8678,269.4325,2079.5633
284,16396.1675,3548.7925,2440.7040,2491.3016,2420.4649,2498.2588,2559.6085,2461.5755,2457.1482,2476.1224,2526.0875,2476.7548,2519.1304,2472.3275,283.9793,280.8169,269.4325,287.7741,252.3558,316.8678,269.4325,2079.5633
285,16396.1675,3548.7925,2440.7040,2491.3016,2420.4649,2498.2588,2559.6085,2461.5755,2457.1482,2476.1224,2526.0875,2476.7548,2519.1304,2472.3275,283.9793,280.8169,269.4325,287.7741,252.3558,316.8678,269.4325,2205.4249
286,17506.1534,3548.7925,2440.7040,2491.3016,2420.4649,2498.2588,2559.6085,2461.5755,2457.1482,2476.1224,2526.0875,2476.7548,2519.1304,2472.3275,283.9793,280.8169,269.4325,287.7741,252.3558,316.8678,269.4325,2205.4249
287,17506.1534,3721.4569,2440.7040,2491.3016,2420.4649,2498.2588,2559.6085,2461.5755,2457.1482,2476.1224,2526.0875,2476.7548,2519.1304,2472.3275,283.9793,280.8169,269.4325,287.7741,252.3558,316.8678,269.4325,2205.4249
288,17506.1534,3721.4569,2565.3007,2491.3016,2420.4649,2498.2588,2559.6085,2461.5755,2457.1482,2476.1224,2526.0875,2476.7548,2519.1304,2472.3275,283.9793,280.8169,269.4325,287.7741,252.3558,316.8678,269.4325,2205.4249
289,17506.1534,3721.4569,2565.3007,2646.8894,2420.4649,2498.2588,2559.6085,2461.5755,2457.1482,2476.1224,2526.0875,2476.7548,2519.1304,2472.3275,283.9793,280.8169,269.4325,287.7741,252.3558,316.8678,269.4325,2205.4249
290,17506.1534,3721.4569,2565.3007,2646.8894,2538.1045,2498.2588,2559.6085,2461.5755,2457.1482,2476.1224,2526.0875,2476.7548,2519.1304,2472.3275,283.9793,280.8169,269.4325,287.7741,252.3558,316.8678,269.4325,2205.4249
291,17506.1534,3721.4569,2565.3007,2646.8894,2538.1045,2645.6245,2559.6085,2461.5755,2457.1482,2476.1224,2526.0875,2476.7548,2519.1304,2472.3275,283.9793,280.8169,269.4325,287.7741,252.3558,316.8678,269.4325,2205.4249
292,17506.1534,3721.4569,2565.3007,2646.8894,2538.1045,2645.6245,2724.0508,2461.5755,2457.1482,2476.1224,2526.0875,2476.7548,2519.1304,2472.3275,283.9793,280.8169,269.4325,287.7741,252.3558,316.8678,269.4325,2205.4249
293,17506.1534,3721.4569,2565.3007,2646.8894,2538.1045,2645.6245,2724.0508,2586.8047,2457.1482,2476.1224,2526.0875,2476.7548,2519.1304,2472.3275,283.9793,280.8169,269.4325,287.7741,252.3558,316.8678,269.4325,2205.4249
294,17506.1534,3721.4569,2565.3007,2646.8894,2538.1045,2645.6245,2724.0508,2586.8047,2577.3176,2476.1224,2526.0875,2476.7548,2519.1304,2472.3275,283.9793,280.8169,269.4325,287.7741,252.3558,316.8678,269.4325,2205.4249
295,17506.1534,3721.4569,2565.3007,2646.8894,2538.1045,2645.6245,2724.0508,2586.8047,2577.3176,2625.3854,2526.0875,2476.7548,2519.1304,2472.3275,283.9793,280.8169,269.4325,287.7741,252.3558,316.8678,269.4325,2205.4249
296,17506.1534,3721.4569,2565.3007,2646.8894,2538.1045,2645.6245,2724.0508,2586.8047,2577.3176,2625.3854,2665.8635,2476.7548,2519.1304,2472.3275,283.9793,280.8169,269.4325,287.7741,252.3558,316.8678,269.4325,2205.4249
297,17506.1534,3721.4569,2565.3007,2646.8894,2538.1045,2645.6245,2724.0508,2586.8047,2577.3176,2625.3854,2665.8635,2615.8984,2519.1304,2472.3275,283.9793,280.8169,269.4325,287.7741,252.3558,316.8678,269.4325,2205.4249
298,17506.1534,3721.4569,2565.3007,2646.8894,2538.1045,2645.6245,2724.0508,2586.8047,2577.3176,2625.3854,2665.8635,2615.8984,2655.1115,2472.3275,283.9793,280.8169,269.4325,287.7741,252.3558,316.8678,269.4325,2205.4249
299,17506.1534,3721.4569,2565.3007,2646.8894,2538.1045,2645.6245,2724.0508,2586.8047,2577.3176,2625.3854,2665.8635,2615.8984,2655.1115,2602.6165,283.9793,280.8169,269.4325,287.7741,252.3558,316.8678,269.4325,2205.4249
300,17506.1534,3721.4569,2565.3007,2646.8894,2538.1045,2645.6245,2724.0508,2586.8047,2577.3176,2625.3854,2665.8635,2615.8984,2655.1115,2602.6165,283.9793,280.8169,269.4325,287.7741,252.3558,316.8678,269.4325,2322.4320
301,18557.3195,3721.4569,2565.3007,2646.8894,2538.1045,2645.6245,2724.0508,2586.8047,2577.3176,2625.3854,2665.8635,2615.8984,2655.1115,2602.6165,283.9793,280.8169,269.4325,287.7741,252.3558,316.8678,269.4325,2322.4320
302,18557.3195,3959.8984,2565.3007,2646.8894,2538.1045,2645.6245,2724.0508,2586.8047,2577.3176,2625.3854,2665.8635,2615.8984,2655.1115,2602.6165,283.9793,280.8169,269.4325,287.7741,252.3558,316.8678,269.4325,2322.4320
303,18557.3195,3959.8984,2690.5299,2646.8894,2538.1045,2645.6245,2724.0508,2586.8047,2577.3176,2625.3854,2665.8635,2615.8984,2655.1115,2602.6165,283.9793,280.8169,269.4325,287.7741,252.3558,316.8678,269.4325,2322.4320
304,18557.3195,3959.8984,2690.5299,2815.7591,2538.1045,2645.6245,2724.0508,2586.8047,2577.3176,2625.3854,2665.8635,2615.8984,2655.1115,2602.6165,283.9793,280.8169,269.4325,287.7741,252.3558,316.8678,269.4325,2322.4320
305,18557.3195,3959.8984,2690.5299,2815.7591,2655.7440,2645.6245,2724.0508,2586.8047,2577.3176,2625.3854,2665.8635,2615.8984,2655.1115,2602.6165,283.9793,280.8169,269.4325,287.7741,252.3558,316.8678,269.4325,2322.4320
306,18557.3195,3959.8984,2690.5299,2815.7591,2655.7440,2779.0758,2724.0508,2586.8047,2577.3176,2625.3854,2665.8635,2615.8984,2655.1115,2602.6165,283.9793,280.8169,269.4325,287.7741,252.3558,316.8678,269.4325,2322.4320
307,18557.3195,3959.8984,2690.5299,2815.7591,2655.7440,2779.0758,2888.4932,2586.8047,2577.3176,2625.3854,2665.8635,2615.8984,2655.1115,2602.6165,283.9793,280.8169,269.4325,287.7741,252.3558,316.8678,269.4325,2322.4320
308,18557.3195,3959.8984,2690.5299,2815.7591,2655.7440,2779.0758,2888.4932,2712.0339,2577.3176,2625.3854,2665.8635,2615.8984,2655.1115,2602.6165,283.9793,280.8169,269.4325,287.7741,252.3558,316.8678,269.4325,2322.4320
309,18557.3195,3959.8984,2690.5299,2815.7591,2655.7440,2779.0758,2888.4932,2712.0339,2698.7520,2625.3854,2665.8635,2615.8984,2655.1115,2602.6165,283.9793,280.8169,269.4325,287.7741,252.3558,316.8678,269.4325,2322.4320
310,18557.3195,3959.8984,2690.5299,2815.7591,2655.7440,2779.0758,2888.4932,2712.0339,2698.7520,2773.3835,2665.8635,2615.8984,2655.1115,2602.6165,283.9793,280.8169,269.4325,287.7741,252.3558,316.8678,269.4325,2322.4320
311,18557.3195,3959.8984,2690.5299,2815.7591,2655.7440,2779.0758,2888.4932,2712.0339,2698.7520,2773.3835,2805.0071,2615.8984,2655.1115,2602.6165,283.9793,280.8169,269.4325,287.7741,252.3558,316.8678,269.4325,2322.4320
312,18557.3195,3959.8984,2690.5299,2815.7591,2655.7440,2779.0758,2888.4932,2712.0339,2698.7520,2773.3835,2805.0071,2755.0419,2655.1115,2602.6165,283.9793,280.8169,269.4325,287.7741,252.3558,316.8678,269.4325,2322.4320
313,18557.3195,3959.8984,2690.5299,2815.7591,2655.7440,2779.0758,2888.4932,2712.0339,2698.7520,2773.3835,2805.0071,2755.0419,2791.7252,2602.6165,283.9793,280.8169,269.4325,287.7741,252.3558,316.8678,269.4325,2322.4320
314,18557.3195,3959.8984,2690.5299,2815.7591,2655.7440,2779.0758,2888.4932,2712.0339,2698.7520,2773.3835,2805.0071,2755.0419,2791.7252,2747.4522,283.9793,280.8169,269.4325,287.7741,252.3558,316.8678,269.4325,2322.4320
315,18557.3195,3959.8984,2690.5299,2815.7591,2655.7440,2779.0758,2888.4932,2712.0339,2698.7520,2773.3835,2805.0071,2755.0419,2791.7252,2747.4522,283.9793,280.8169,269.4325,287.7741,252.3558,316.8678,269.4325,2445.1313
316,19654.6560,3959.8984,2690.5299,2815.7591,2655.7440,2779.0758,2888.4932,2712.0339,2698.7520,2773.3835,2805.0071,2755.0419,2791.7252,2747.4522,283.9793,280.8169,269.4325,287.7741,252.3558,316.8678,269.4325,2445.1313
317,19654.6560,4119.9134,2690.5299,2815.7591,2655.7440,2779.0758,2888.4932,2712.0339,2698.7520,2773.3835,2805.0071,2755.0419,2791.7252,2747.4522,283.9793,280.8169,269.4325,287.7741,252.3558,316.8678,269.4325,2445.1313
318,19654.6560,4119.9134,2827.7760,2815.7591,2655.7440,2779.0758,2888.4932,2712.0339,2698.7520,2773.3835,2805.0071,2755.0419,2791.7252,2747.4522,283.9793,280.8169,269.4325,287.7741,252.3558,316.8678,269.4325,2445.1313
319,19654.6560,4119.9134,2827.7760,2986.5261,2655.7440,2779.0758,2888.4932,2712.0339,2698.7520,2773.3835,2805.0071,2755.0419,2791.7252,2747.4522,283.9793,280.8169,269.4325,287.7741,252.3558,316.8678,269.4325,2445.1313
320,19654.6560,4119.9134,2827.7760,2986.5261,2771.4861,2779.0758,2888.4932,2712.0339,2698.7520,2773.3835,2805.0071,2755.0419,2791.7252,2747.4522,283.9793,280.8169,269.4325,287.7741,252.3558,316.8678,269.4325,2445.1313
321,19654.6560,4119.9134,2827.7760,2986.5261,2771.4861,2914.4245,2888.4932,2712.0339,2698.7520,2773.3835,2805.0071,2755.0419,2791.7252,2747.4522,283.9793,280.8169,269.4325,287.7741,252.3558,316.8678,269.4325,2445.1313
322,19654.6560,4119.9134,2827.7760,2986.5261,2771.4861,2914.4245,3052.3031,2712.0339,2698.7520,2773.3835,2805.0071,2755.0419,2791.7252,2747.4522,283.9793,280.8169,269.4325,287.7741,252.3558,316.8678,269.4325,2445.1313
323,19654.6560,4119.9134,2827.7760,2986.5261,2771.4861,2914.4245,3052.3031,2836.6306,2698.7520,2773.3835,2805.0071,2755.0419,2791.7252,2747.4522,283.9793,280.8169,269.4325,287.7741,252.3558,316.8678,269.4325,2445.1313
324,19654.6560,4119.9134,2827.7760,2986.5261,2771.4861,2914.4245,3052.3031,2836.6306,2833.4682,2773.3835,2805.0071,2755.0419,2791.7252,2747.4522,283.9793,280.8169,269.4325,287.7741,252.3558,316.8678,269.4325,2445.1313
325,19654.6560,4119.9134,2827.7760,2986.5261,2771.4861,2914.4245,3052.3031,2836.6306,2833.4682,2907.4673,2805.0071,2755.0419,2791.7252,2747.4522,283.9793,280.8169,269.4325,287.7741,252.3558,316.8678,269.4325,2445.1313
326,19654.6560,4119.9134,2827.7760,2986.5261,2771.4861,2914.4245,3052.3031,2836.6306,2833.4682,2907.4673,2944.1506,2755.0419,2791.7252,2747.4522,283.9793,280.8169,269.4325,287.7741,252.3558,316.8678,269.4325,2445.1313
327,19654.6560,4119.9134,2827.7760,2986.5261,2771.4861,2914.4245,3052.3031,2836.6306,2833.4682,2907.4673,2944.1506,2908.0998,2791.7252,2747.4522,283.9793,280.8169,269.4325,287.7741,252.3558,316.8678,269.4325,2445.1313
328,19654.6560,4119.9134,2827.7760,2986.5261,2771.4861,2914.4245,3052.3031,2836.6306,2833.4682,2907.4673,2944.1506,2908.0998,2916.3219,2747.4522,283.9793,280.8169,269.4325,287.7741,252.3558,316.8678,269.4325,2445.1313
329,19654.6560,4119.9134,2827.7760,2986.5261,2771.4861,2914.4245,3052.3031,2836.6306,2833.4682,2907.4673,2944.1506,2908.0998,2916.3219,2890.3906,283.9793,280.8169,269.4325,287.7741,252.3558,316.8678,269.4325,2445.1313
330,19654.6560,4119.9134,2827.7760,2986.5261,2771.4861,2914.4245,3052.3031,2836.6306,2833.4682,2907.4673,2944.1506,2908.0998,2916.3219,2890.3906,283.9793,280.8169,269.4325,287.7741,252.3558,316.8678,269.4325,2567.1981
331,20739.3431,4119.9134,2827.7760,2986.5261,2771.4861,2914.4245,3052.3031,2836.6306,2833.4682,2907.4673,2944.1506,2908.0998,2916.3219,2890.3906,283.9793,280.8169,269.4325,287.7741,252.3558,316.8678,269.4325,2567.1981
332,20739.3431,4307.1247,2827.7760,2986.5261,2771.4861,2914.4245,3052.3031,2836.6306,2833.4682,2907.4673,2944.1506,2908.0998,2916.3219,2890.3906,283.9793,280.8169,269.4325,287.7741,252.3558,316.8678,269.4325,2567.1981
333,20739.3431,4307.1247,2965.6546,2986.5261,2771.4861,2914.4245,3052.3031,2836.6306,2833.4682,2907.4673,2944.1506,2908.0998,2916.3219,2890.3906,283.9793,280.8169,269.4325,287.7741,252.3558,316.8678,269.4325,2567.1981
334,20739.3431,4307.1247,2965.6546,3142.1139,2771.4861,2914.4245,3052.3031,2836.6306,2833.4682,2907.4673,2944.1506,2908.0998,2916.3219,2890.3906,283.9793,280.8169,269.4325,287.7741,252.3558,316.8678,269.4325,2567.1981
335,20739.3431,4307.1247,2965.6546,3142.1139,2889.7581,2914.4245,3052.3031,2836.6306,2833.4682,2907.4673,2944.1506,2908.0998,2916.3219,2890.3906,283.9793,280.8169,269.4325,287.7741,252.3558,316.8678,269.4325,2567.1981
336,20739.3431,4307.1247,2965.6546,3142.1139,2889.7581,3047.8758,3052.3031,2836.6306,2833.4682,2907.4673,2944.1506,2908.0998,2916.3219,2890.3906,283.9793,280.8169,269.4325,287.7741,252.3558,316.8678,269.4325,2567.1981
337,20739.3431,4307.1247,2965.6546,3142.1139,2889.7581,3047.8758,3216.1129,2836.6306,2833.4682,2907.4673,2944.1506,2908.0998,2916.3219,2890.3906,283.9793,280.8169,269.4325,287.7741,252.3558,316.8678,269.4325,2567.1981
338,20739.3431,4307.1247,2965.6546,3142.1139,2889.7581,3047.8758,3216.1129,2961.8598,2833.4682,2907.4673,2944.1506,2908.0998,2916.3219,2890.3906,283.9793,280.8169,269.4325,287.7741,252.3558,316.8678,269.4325,2567.1981
339,20739.3431,4307.1247,2965.6546,3142.1139,2889.7581,3047.8758,3216.1129,2961.8598,2967.5520,2907.4673,2944.1506,2908.0998,2916.3219,2890.3906,283.9793,280.8169,269.4325,287.7741,252.3558,316.8678,269.4325,2567.1981
340,20739.3431,4307.1247,2965.6546,3142.1139,2889.7581,3047.8758,3216.1129,2961.8598,2967.5520,3042.1835,2944.1506,2908.0998,2916.3219,2890.3906,283.9793,280.8169,269.4325,287.7741,252.3558,316.8678,269.4325,2567.1981
341,20739.3431,4307.1247,2965.6546,3142.1139,2889.7581,3047.8758,3216.1129,2961.8598,2967.5520,3042.1835,3083.2941,2908.0998,2916.3219,2890.3906,283.9793,280.8169,269.4325,287.7741,252.3558,316.8678,269.4325,2567.1981
342,20739.3431,4307.1247,2965.6546,3142.1139,2889.7581,3047.8758,3216.1129,2961.8598,2967.5520,3042.1835,3083.2941,3047.2433,2916.3219,2890.3906,283.9793,280.8169,269.4325,287.7741,252.3558,316.8678,269.4325,2567.1981
343,20739.3431,4307.1247,2965.6546,3142.1139,2889.7581,3047.8758,3216.1129,2961.8598,2967.5520,3042.1835,3083.2941,3047.2433,3054.2005,2890.3906,283.9793,280.8169,269.4325,287.7741,252.3558,316.8678,269.4325,2567.1981
344,20739.3431,4307.1247,2965.6546,3142.1139,2889.7581,3047.8758,3216.1129,2961.8598,2967.5520,3042.1835,3083.2941,3047.2433,3054.2005,3034.5939,283.9793,280.8169,269.4325,287.7741,252.3558,316.8678,269.4325,2567.1981
345,20739.3431,4307.1247,2965.6546,3142.1139,2889.7581,3047.8758,3216.1129,2961.8598,2967.5520,3042.1835,3083.2941,3047.2433,3054.2005,3034.5939,283.9793,280.8169,269.4325,287.7741,252.3558,316.8678,269.4325,2692.4273
346,21870.8329,4307.1247,2965.6546,3142.1139,2889.7581,3047.8758,3216.1129,2961.8598,2967.5520,3042.1835,3083.2941,3047.2433,3054.2005,3034.5939,283.9793,280.8169,269.4325,287.7741,252.3558,316.8678,269.4325,2692.4273
347,21870.8329,4443.1059,2965.6546,3142.1139,2889.7581,3047.8758,3216.1129,2961.8598,2967.5520,3042.1835,3083.2941,3047.2433,3054.2005,3034.5939,283.9793,280.8169,269.4325,287.7741,252.3558,316.8678,269.4325,2692.4273
348,21870.8329,4443.1059,3104.1656,3142.1139,2889.7581,3047.8758,3216.1129,2961.8598,2967.5520,3042.1835,3083.2941,3047.2433,3054.2005,3034.5939,283.9793,280.8169,269.4325,287.7741,252.3558,316.8678,269.4325,2692.4273
349,21870.8329,4443.1059,3104.1656,3310.9835,2889.7581,3047.8758,3216.1129,2961.8598,2967.5520,3042.1835,3083.2941,3047.2433,3054.2005,3034.5939,283.9793,280.8169,269.4325,287.7741,252.3558,316.8678,269.4325,2692.4273
350,21870.8329,4443.1059,3104.1656,3310.9835,3007.3976,3047.8758,3216.1129,2961.8598,2967.5520,3042.1835,3083.2941,3047.2433,3054.2005,3034.5939,283.9793,280.8169,269.4325,287.7741,252.3558,316.8678,269.4325,2692.4273
351,21870.8329,4443.1059,3104.1656,3310.9835,3007.3976,3167.4127,3216.1129,2961.8598,2967.5520,3042.1835,3083.2941,3047.2433,3054.2005,3034.5939,283.9793,280.8169,269.4325,287.7741,252.3558,316.8678,269.4325,2692.4273
352,21870.8329,4443.1059,3104.1656,3310.9835,3007.3976,3167.4127,3353.3591,2961.8598,2967.5520,3042.1835,3083.2941,3047.2433,3054.2005,3034.5939,283.9793,280.8169,269.4325,287.7741,252.3558,316.8678,269.4325,2692.4273
353,21870.8329,4443.1059,3104.1656,3310.9835,3007.3976,3167.4127,3353.3591,3100.3708,2967.5520,3042.1835,3083.2941,3047.2433,3054.2005,3034.5939,283.9793,280.8169,269.4325,287.7741,252.3558,316.8678,269.4325,2692.4273
354,21870.8329,4443.1059,3104.1656,3310.9835,3007.3976,3167.4127,3353.3591,3100.3708,3116.1826,3042.1835,3083.2941,3047.2433,3054.2005,3034.5939,283.9793,280.8169,269.4325,287.7741,252.3558,316.8678,269.4325,2692.4273
355,21870.8329,4443.1059,3104.1656,3310.9835,3007.3976,3167.4127,3353.3591,3100.3708,3116.1826,3175.6348,3083.2941,3047.2433,3054.2005,3034.5939,283.9793,280.8169,269.4325,287.7741,252.3558,316.8678,269.4325,2692.4273
356,21870.8329,4443.1059,3104.1656,3310.9835,3007.3976,3167.4127,3353.3591,3100.3708,3116.1826,3175.6348,3223.7026,3047.2433,3054.2005,3034.5939,283.9793,280.8169,269.4325,287.7741,252.3558,316.8678,269.4325,2692.4273
357,21870.8329,4443.1059,3104.1656,3310.9835,3007.3976,3167.4127,3353.3591,3100.3708,3116.1826,3175.6348,3223.7026,3186.3868,3054.2005,3034.5939,283.9793,280.8169,269.4325,287.7741,252.3558,316.8678,269.4325,2692.4273
358,21870.8329,4443.1059,3104.1656,3310.9835,3007.3976,3167.4127,3353.3591,3100.3708,3116.1826,3175.6348,3223.7026,3186.3868,3190.8141,3034.5939,283.9793,280.8169,269.4325,287.7741,252.3558,316.8678,269.4325,2692.4273
359,21870.8329,4443.1059,3104.1656,3310.9835,3007.3976,3167.4127,3353.3591,3100.3708,3116.1826,3175.6348,3223.7026,3186.3868,3190.8141,3165.5153,283.9793,280.8169,269.4325,287.7741,252.3558,316.8678,269.4325,2692.4273
