block,node0,node1,node2,node3,node4,node5,node6,node7,node8,node9,node10,node11,node12,node13,node14,node15,node16,node17,node18,node19,node20,node21
0,0,0,0,0,0,0,0,0,0,0,0,0,0,0,0,0,0,0,0,0,0,0
1,0,0,0,0,0,0,0,0,0,0,0,0,0,0,122.0668,0,0,0,0,0,0,0
2,0,0,0,0,0,0,0,0,0,0,0,0,0,0,122.0668,0,0,0,0,0,0,295.9962
3,900.0056,0,0,0,0,0,0,0,0,0,0,0,0,0,122.0668,0,0,0,0,0,0,295.9962
4,900.0056,156.2202,0,0,0,0,0,0,0,0,0,0,0,0,122.0668,0,0,0,0,0,0,295.9962
5,900.0056,156.2202,135.3487,0,0,0,0,0,0,0,0,0,0,0,122.0668,0,0,0,0,0,0,295.9962
6,900.0056,156.2202,135.3487,124.5967,0,0,0,0,0,0,0,0,0,0,122.0668,0,0,0,0,0,0,295.9962
7,900.0056,156.2202,135.3487,124.5967,145.4682,0,0,0,0,0,0,0,0,0,122.0668,0,0,0,0,0,0,295.9962
8,900.0056,156.2202,135.3487,124.5967,145.4682,132.8188,0,0,0,0,0,0,0,0,122.0668,0,0,0,0,0,0,295.9962
9,900.0056,156.2202,135.3487,124.5967,145.4682,132.8188,132.8188,0,0,0,0,0,0,0,122.0668,0,0,0,0,0,0,295.9962
10,900.0056,156.2202,135.3487,124.5967,145.4682,132.8188,132.8188,128.3915,0,0,0,0,0,0,122.0668,0,0,0,0,0,0,295.9962
11,900.0056,156.2202,135.3487,124.5967,145.4682,132.8188,132.8188,128.3915,132.8188,0,0,0,0,0,122.0668,0,0,0,0,0,0,295.9962
12,900.0056,156.2202,135.3487,124.5967,145.4682,132.8188,132.8188,128.3915,132.8188,127.7591,0,0,0,0,122.0668,0,0,0,0,0,0,295.9962
13,900.0056,156.2202,135.3487,124.5967,145.4682,132.8188,132.8188,128.3915,132.8188,127.7591,137.8786,0,0,0,122.0668,0,0,0,0,0,0,295.9962
14,900.0056,156.2202,135.3487,124.5967,145.4682,132.8188,132.8188,128.3915,132.8188,127.7591,137.8786,126.4941,0,0,122.0668,0,0,0,0,0,0,295.9962
15,900.0056,156.2202,135.3487,124.5967,145.4682,132.8188,132.8188,128.3915,132.8188,127.7591,137.8786,126.4941,142.3059,0,122.0668,0,0,0,0,0,0,295.9962
16,900.0056,156.2202,135.3487,124.5967,145.4682,132.8188,132.8188,128.3915,132.8188,127.7591,137.8786,126.4941,142.3059,123.3318,122.0668,0,0,0,0,0,0,295.9962
17,900.0056,156.2202,135.3487,124.5967,145.4682,132.8188,132.8188,128.3915,132.8188,127.7591,137.8786,126.4941,142.3059,123.3318,255.5181,0,0,0,0,0,0,295.9962
18,900.0056,156.2202,135.3487,124.5967,145.4682,132.8188,132.8188,128.3915,132.8188,127.7591,137.8786,126.4941,142.3059,123.3318,255.5181,132.1864,0,0,0,0,0,295.9962
19,900.0056,156.2202,135.3487,124.5967,145.4682,132.8188,132.8188,128.3915,132.8188,127.7591,137.8786,126.4941,142.3059,123.3318,255.5181,132.1864,132.8188,0,0,0,0,295.9962
20,900.0056,156.2202,135.3487,124.5967,145.4682,132.8188,132.8188,128.3915,132.8188,127.7591,137.8786,126.4941,142.3059,123.3318,255.5181,132.1864,132.8188,135.3487,0,0,0,295.9962
21,900.0056,156.2202,135.3487,124.5967,145.4682,132.8188,132.8188,128.3915,132.8188,127.7591,137.8786,126.4941,142.3059,123.3318,255.5181,132.1864,132.8188,135.3487,127.7591,0,0,295.9962
22,900.0056,156.2202,135.3487,124.5967,145.4682,132.8188,132.8188,128.3915,132.8188,127.7591,137.8786,126.4941,142.3059,123.3318,255.5181,132.1864,132.8188,135.3487,127.7591,133.4513,0,295.9962
23,900.0056,156.2202,135.3487,124.5967,145.4682,132.8188,132.8188,128.3915,132.8188,127.7591,137.8786,126.4941,142.3059,123.3318,255.5181,132.1864,132.8188,135.3487,127.7591,133.4513,132.1864,295.9962
24,900.0056,156.2202,135.3487,124.5967,145.4682,132.8188,132.8188,128.3915,132.8188,127.7591,137.8786,126.4941,142.3059,123.3318,255.5181,132.1864,132.8188,135.3487,127.7591,133.4513,132.1864,446.5242
25,1019.5426,156.2202,135.3487,124.5967,145.4682,132.8188,132.8188,128.3915,132.8188,127.7591,137.8786,126.4941,142.3059,123.3318,255.5181,132.1864,132.8188,135.3487,127.7591,133.4513,132.1864,446.5242
26,1019.5426,285.2442,135.3487,124.5967,145.4682,132.8188,132.8188,128.3915,132.8188,127.7591,137.8786,126.4941,142.3059,123.3318,255.5181,132.1864,132.8188,135.3487,127.7591,133.4513,132.1864,446.5242
27,1019.5426,285.2442,271.3299,124.5967,145.4682,132.8188,132.8188,128.3915,132.8188,127.7591,137.8786,126.4941,142.3059,123.3318,255.5181,132.1864,132.8188,135.3487,127.7591,133.4513,132.1864,446.5242
28,1019.5426,285.2442,271.3299,249.8259,145.4682,132.8188,132.8188,128.3915,132.8188,127.7591,137.8786,126.4941,142.3059,123.3318,255.5181,132.1864,132.8188,135.3487,127.7591,133.4513,132.1864,446.5242
29,1019.5426,285.2442,271.3299,249.8259,290.9365,132.8188,132.8188,128.3915,132.8188,127.7591,137.8786,126.4941,142.3059,123.3318,255.5181,132.1864,132.8188,135.3487,127.7591,133.4513,132.1864,446.5242
30,1019.5426,285.2442,271.3299,249.8259,290.9365,264.3727,132.8188,128.3915,132.8188,127.7591,137.8786,126.4941,142.3059,123.3318,255.5181,132.1864,132.8188,135.3487,127.7591,133.4513,132.1864,446.5242
31,1019.5426,285.2442,271.3299,249.8259,290.9365,264.3727,266.9026,128.3915,132.8188,127.7591,137.8786,126.4941,142.3059,123.3318,255.5181,132.1864,132.8188,135.3487,127.7591,133.4513,132.1864,446.5242
32,1019.5426,285.2442,271.3299,249.8259,290.9365,264.3727,266.9026,256.1506,132.8188,127.7591,137.8786,126.4941,142.3059,123.3318,255.5181,132.1864,132.8188,135.3487,127.7591,133.4513,132.1864,446.5242
33,1019.5426,285.2442,271.3299,249.8259,290.9365,264.3727,266.9026,256.1506,265.6376,127.7591,137.8786,126.4941,142.3059,123.3318,255.5181,132.1864,132.8188,135.3487,127.7591,133.4513,132.1864,446.5242
34,1019.5426,285.2442,271.3299,249.8259,290.9365,264.3727,266.9026,256.1506,265.6376,256.7831,137.8786,126.4941,142.3059,123.3318,255.5181,132.1864,132.8188,135.3487,127.7591,133.4513,132.1864,446.5242
35,1019.5426,285.2442,271.3299,249.8259,290.9365,264.3727,266.9026,256.1506,265.6376,256.7831,274.4922,126.4941,142.3059,123.3318,255.5181,132.1864,132.8188,135.3487,127.7591,133.4513,132.1864,446.5242
36,1019.5426,285.2442,271.3299,249.8259,290.9365,264.3727,266.9026,256.1506,265.6376,256.7831,274.4922,255.5181,142.3059,123.3318,255.5181,132.1864,132.8188,135.3487,127.7591,133.4513,132.1864,446.5242
37,1019.5426,285.2442,271.3299,249.8259,290.9365,264.3727,266.9026,256.1506,265.6376,256.7831,274.4922,255.5181,268.8,123.3318,255.5181,132.1864,132.8188,135.3487,127.7591,133.4513,132.1864,446.5242
38,1019.5426,285.2442,271.3299,249.8259,290.9365,264.3727,266.9026,256.1506,265.6376,256.7831,274.4922,255.5181,268.8,275.7572,255.5181,132.1864,132.8188,135.3487,127.7591,133.4513,132.1864,446.5242
39,1019.5426,285.2442,271.3299,249.8259,290.9365,264.3727,266.9026,256.1506,265.6376,256.7831,274.4922,255.5181,268.8,275.7572,375.0551,132.1864,132.8188,135.3487,127.7591,133.4513,132.1864,446.5242
40,1019.5426,285.2442,271.3299,249.8259,290.9365,264.3727,266.9026,256.1506,265.6376,256.7831,274.4922,255.5181,268.8,275.7572,375.0551,265.0052,132.8188,135.3487,127.7591,133.4513,132.1864,446.5242
41,1019.5426,285.2442,271.3299,249.8259,290.9365,264.3727,266.9026,256.1506,265.6376,256.7831,274.4922,255.5181,268.8,275.7572,375.0551,265.0052,265.6376,135.3487,127.7591,133.4513,132.1864,446.5242
42,1019.5426,285.2442,271.3299,249.8259,290.9365,264.3727,266.9026,256.1506,265.6376,256.7831,274.4922,255.5181,268.8,275.7572,375.0551,265.0052,265.6376,268.8,127.7591,133.4513,132.1864,446.5242
43,1019.5426,285.2442,271.3299,249.8259,290.9365,264.3727,266.9026,256.1506,265.6376,256.7831,274.4922,255.5181,268.8,275.7572,375.0551,265.0052,265.6376,268.8,255.5181,133.4513,132.1864,446.5242
44,1019.5426,285.2442,271.3299,249.8259,290.9365,264.3727,266.9026,256.1506,265.6376,256.7831,274.4922,255.5181,268.8,275.7572,375.0551,265.0052,265.6376,268.8,255.5181,266.9026,132.1864,446.5242
45,1019.5426,285.2442,271.3299,249.8259,290.9365,264.3727,266.9026,256.1506,265.6376,256.7831,274.4922,255.5181,268.8,275.7572,375.0551,265.0052,265.6376,268.8,255.5181,266.9026,264.3727,446.5242
46,1019.5426,285.2442,271.3299,249.8259,290.9365,264.3727,266.9026,256.1506,265.6376,256.7831,274.4922,255.5181,268.8,275.7572,375.0551,265.0052,265.6376,268.8,255.5181,266.9026,264.3727,584.4028
47,1152.3614,285.2442,271.3299,249.8259,290.9365,264.3727,266.9026,256.1506,265.6376,256.7831,274.4922,255.5181,268.8,275.7572,375.0551,265.0052,265.6376,268.8,255.5181,266.9026,264.3727,584.4028
48,1152.3614,414.9007,271.3299,249.8259,290.9365,264.3727,266.9026,256.1506,265.6376,256.7831,274.4922,255.5181,268.8,275.7572,375.0551,265.0052,265.6376,268.8,255.5181,266.9026,264.3727,584.4028
49,1152.3614,414.9007,407.3111,249.8259,290.9365,264.3727,266.9026,256.1506,265.6376,256.7831,274.4922,255.5181,268.8,275.7572,375.0551,265.0052,265.6376,268.8,255.5181,266.9026,264.3727,584.4028
50,1152.3614,414.9007,407.3111,387.7045,290.9365,264.3727,266.9026,256.1506,265.6376,256.7831,274.4922,255.5181,268.8,275.7572,375.0551,265.0052,265.6376,268.8,255.5181,266.9026,264.3727,584.4028
51,1152.3614,414.9007,407.3111,387.7045,409.2085,264.3727,266.9026,256.1506,265.6376,256.7831,274.4922,255.5181,268.8,275.7572,375.0551,265.0052,265.6376,268.8,255.5181,266.9026,264.3727,584.4028
52,1152.3614,414.9007,407.3111,387.7045,409.2085,408.576,266.9026,256.1506,265.6376,256.7831,274.4922,255.5181,268.8,275.7572,375.0551,265.0052,265.6376,268.8,255.5181,266.9026,264.3727,584.4028
53,1152.3614,414.9007,407.3111,387.7045,409.2085,408.576,400.9864,256.1506,265.6376,256.7831,274.4922,255.5181,268.8,275.7572,375.0551,265.0052,265.6376,268.8,255.5181,266.9026,264.3727,584.4028
54,1152.3614,414.9007,407.3111,387.7045,409.2085,408.576,400.9864,398.4565,265.6376,256.7831,274.4922,255.5181,268.8,275.7572,375.0551,265.0052,265.6376,268.8,255.5181,266.9026,264.3727,584.4028
55,1152.3614,414.9007,407.3111,387.7045,409.2085,408.576,400.9864,398.4565,385.1746,256.7831,274.4922,255.5181,268.8,275.7572,375.0551,265.0052,265.6376,268.8,255.5181,266.9026,264.3727,584.4028
56,1152.3614,414.9007,407.3111,387.7045,409.2085,408.576,400.9864,398.4565,385.1746,385.1746,274.4922,255.5181,268.8,275.7572,375.0551,265.0052,265.6376,268.8,255.5181,266.9026,264.3727,584.4028
57,1152.3614,414.9007,407.3111,387.7045,409.2085,408.576,400.9864,398.4565,385.1746,385.1746,411.7384,255.5181,268.8,275.7572,375.0551,265.0052,265.6376,268.8,255.5181,266.9026,264.3727,584.4028
58,1152.3614,414.9007,407.3111,387.7045,409.2085,408.576,400.9864,398.4565,385.1746,385.1746,411.7384,395.9266,268.8,275.7572,375.0551,265.0052,265.6376,268.8,255.5181,266.9026,264.3727,584.4028
59,1152.3614,414.9007,407.3111,387.7045,409.2085,408.576,400.9864,398.4565,385.1746,385.1746,411.7384,395.9266,395.2941,275.7572,375.0551,265.0052,265.6376,268.8,255.5181,266.9026,264.3727,584.4028
60,1152.3614,414.9007,407.3111,387.7045,409.2085,408.576,400.9864,398.4565,385.1746,385.1746,411.7384,395.9266,395.2941,415.5332,375.0551,265.0052,265.6376,268.8,255.5181,266.9026,264.3727,584.4028
61,1152.3614,414.9007,407.3111,387.7045,409.2085,408.576,400.9864,398.4565,385.1746,385.1746,411.7384,395.9266,395.2941,415.5332,495.2245,265.0052,265.6376,268.8,255.5181,266.9026,264.3727,584.4028
62,1152.3614,414.9007,407.3111,387.7045,409.2085,408.576,400.9864,398.4565,385.1746,385.1746,411.7384,395.9266,395.2941,415.5332,495.2245,397.824,265.6376,268.8,255.5181,266.9026,264.3727,584.4028
63,1152.3614,414.9007,407.3111,387.7045,409.2085,408.576,400.9864,398.4565,385.1746,385.1746,411.7384,395.9266,395.2941,415.5332,495.2245,397.824,398.4565,268.8,255.5181,266.9026,264.3727,584.4028
64,1152.3614,414.9007,407.3111,387.7045,409.2085,408.576,400.9864,398.4565,385.1746,385.1746,411.7384,395.9266,395.2941,415.5332,495.2245,397.824,398.4565,403.5162,255.5181,266.9026,264.3727,584.4028
65,1152.3614,414.9007,407.3111,387.7045,409.2085,408.576,400.9864,398.4565,385.1746,385.1746,411.7384,395.9266,395.2941,415.5332,495.2245,397.824,398.4565,403.5162,394.6616,266.9026,264.3727,584.4028
66,1152.3614,414.9007,407.3111,387.7045,409.2085,408.576,400.9864,398.4565,385.1746,385.1746,411.7384,395.9266,395.2941,415.5332,495.2245,397.824,398.4565,403.5162,394.6616,387.072,264.3727,584.4028
67,1152.3614,414.9007,407.3111,387.7045,409.2085,408.576,400.9864,398.4565,385.1746,385.1746,411.7384,395.9266,395.2941,415.5332,495.2245,397.824,398.4565,403.5162,394.6616,387.072,409.2085,584.4028
68,1152.3614,414.9007,407.3111,387.7045,409.2085,408.576,400.9864,398.4565,385.1746,385.1746,411.7384,395.9266,395.2941,415.5332,495.2245,397.824,398.4565,403.5162,394.6616,387.072,409.2085,710.2645
69,1284.5478,414.9007,407.3111,387.7045,409.2085,408.576,400.9864,398.4565,385.1746,385.1746,411.7384,395.9266,395.2941,415.5332,495.2245,397.824,398.4565,403.5162,394.6616,387.072,409.2085,710.2645
70,1284.5478,557.8391,407.3111,387.7045,409.2085,408.576,400.9864,398.4565,385.1746,385.1746,411.7384,395.9266,395.2941,415.5332,495.2245,397.824,398.4565,403.5162,394.6616,387.072,409.2085,710.2645
71,1284.5478,557.8391,530.0104,387.7045,409.2085,408.576,400.9864,398.4565,385.1746,385.1746,411.7384,395.9266,395.2941,415.5332,495.2245,397.824,398.4565,403.5162,394.6616,387.072,409.2085,710.2645
72,1284.5478,557.8391,530.0104,525.5831,409.2085,408.576,400.9864,398.4565,385.1746,385.1746,411.7384,395.9266,395.2941,415.5332,495.2245,397.824,398.4565,403.5162,394.6616,387.072,409.2085,710.2645
73,1284.5478,557.8391,530.0104,525.5831,528.7454,408.576,400.9864,398.4565,385.1746,385.1746,411.7384,395.9266,395.2941,415.5332,495.2245,397.824,398.4565,403.5162,394.6616,387.072,409.2085,710.2645
74,1284.5478,557.8391,530.0104,525.5831,528.7454,540.7624,400.9864,398.4565,385.1746,385.1746,411.7384,395.9266,395.2941,415.5332,495.2245,397.824,398.4565,403.5162,394.6616,387.072,409.2085,710.2645
75,1284.5478,557.8391,530.0104,525.5831,528.7454,540.7624,547.7195,398.4565,385.1746,385.1746,411.7384,395.9266,395.2941,415.5332,495.2245,397.824,398.4565,403.5162,394.6616,387.072,409.2085,710.2645
76,1284.5478,557.8391,530.0104,525.5831,528.7454,540.7624,547.7195,526.2155,385.1746,385.1746,411.7384,395.9266,395.2941,415.5332,495.2245,397.824,398.4565,403.5162,394.6616,387.072,409.2085,710.2645
77,1284.5478,557.8391,530.0104,525.5831,528.7454,540.7624,547.7195,526.2155,517.9934,385.1746,411.7384,395.9266,395.2941,415.5332,495.2245,397.824,398.4565,403.5162,394.6616,387.072,409.2085,710.2645
78,1284.5478,557.8391,530.0104,525.5831,528.7454,540.7624,547.7195,526.2155,517.9934,526.2155,411.7384,395.9266,395.2941,415.5332,495.2245,397.824,398.4565,403.5162,394.6616,387.072,409.2085,710.2645
79,1284.5478,557.8391,530.0104,525.5831,528.7454,540.7624,547.7195,526.2155,517.9934,526.2155,536.3351,395.9266,395.2941,415.5332,495.2245,397.824,398.4565,403.5162,394.6616,387.072,409.2085,710.2645
80,1284.5478,557.8391,530.0104,525.5831,528.7454,540.7624,547.7195,526.2155,517.9934,526.2155,536.3351,535.0701,395.2941,415.5332,495.2245,397.824,398.4565,403.5162,394.6616,387.072,409.2085,710.2645
81,1284.5478,557.8391,530.0104,525.5831,528.7454,540.7624,547.7195,526.2155,517.9934,526.2155,536.3351,535.0701,524.9506,415.5332,495.2245,397.824,398.4565,403.5162,394.6616,387.072,409.2085,710.2645
82,1284.5478,557.8391,530.0104,525.5831,528.7454,540.7624,547.7195,526.2155,517.9934,526.2155,536.3351,535.0701,524.9506,538.2325,495.2245,397.824,398.4565,403.5162,394.6616,387.072,409.2085,710.2645
83,1284.5478,557.8391,530.0104,525.5831,528.7454,540.7624,547.7195,526.2155,517.9934,526.2155,536.3351,535.0701,524.9506,538.2325,629.9407,397.824,398.4565,403.5162,394.6616,387.072,409.2085,710.2645
84,1284.5478,557.8391,530.0104,525.5831,528.7454,540.7624,547.7195,526.2155,517.9934,526.2155,536.3351,535.0701,524.9506,538.2325,629.9407,528.7454,398.4565,403.5162,394.6616,387.072,409.2085,710.2645
85,1284.5478,557.8391,530.0104,525.5831,528.7454,540.7624,547.7195,526.2155,517.9934,526.2155,536.3351,535.0701,524.9506,538.2325,629.9407,528.7454,531.9078,403.5162,394.6616,387.072,409.2085,710.2645
86,1284.5478,557.8391,530.0104,525.5831,528.7454,540.7624,547.7195,526.2155,517.9934,526.2155,536.3351,535.0701,524.9506,538.2325,629.9407,528.7454,531.9078,538.8649,394.6616,387.072,409.2085,710.2645
87,1284.5478,557.8391,530.0104,525.5831,528.7454,540.7624,547.7195,526.2155,517.9934,526.2155,536.3351,535.0701,524.9506,538.2325,629.9407,528.7454,531.9078,538.8649,536.3351,387.072,409.2085,710.2645
88,1284.5478,557.8391,530.0104,525.5831,528.7454,540.7624,547.7195,526.2155,517.9934,526.2155,536.3351,535.0701,524.9506,538.2325,629.9407,528.7454,531.9078,538.8649,536.3351,506.6089,409.2085,710.2645
89,1284.5478,557.8391,530.0104,525.5831,528.7454,540.7624,547.7195,526.2155,517.9934,526.2155,536.3351,535.0701,524.9506,538.2325,629.9407,528.7454,531.9078,538.8649,536.3351,506.6089,554.6767,710.2645
90,1284.5478,557.8391,530.0104,525.5831,528.7454,540.7624,547.7195,526.2155,517.9934,526.2155,536.3351,535.0701,524.9506,538.2325,629.9407,528.7454,531.9078,538.8649,536.3351,506.6089,554.6767,833.5962
91,1430.6485,557.8391,530.0104,525.5831,528.7454,540.7624,547.7195,526.2155,517.9934,526.2155,536.3351,535.0701,524.9506,538.2325,629.9407,528.7454,531.9078,538.8649,536.3351,506.6089,554.6767,833.5962
92,1430.6485,687.4955,530.0104,525.5831,528.7454,540.7624,547.7195,526.2155,517.9934,526.2155,536.3351,535.0701,524.9506,538.2325,629.9407,528.7454,531.9078,538.8649,536.3351,506.6089,554.6767,833.5962
93,1430.6485,687.4955,652.7096,525.5831,528.7454,540.7624,547.7195,526.2155,517.9934,526.2155,536.3351,535.0701,524.9506,538.2325,629.9407,528.7454,531.9078,538.8649,536.3351,506.6089,554.6767,833.5962
94,1430.6485,687.4955,652.7096,665.3591,528.7454,540.7624,547.7195,526.2155,517.9934,526.2155,536.3351,535.0701,524.9506,538.2325,629.9407,528.7454,531.9078,538.8649,536.3351,506.6089,554.6767,833.5962
95,1430.6485,687.4955,652.7096,665.3591,660.2993,540.7624,547.7195,526.2155,517.9934,526.2155,536.3351,535.0701,524.9506,538.2325,629.9407,528.7454,531.9078,538.8649,536.3351,506.6089,554.6767,833.5962
96,1430.6485,687.4955,652.7096,665.3591,660.2993,671.6838,547.7195,526.2155,517.9934,526.2155,536.3351,535.0701,524.9506,538.2325,629.9407,528.7454,531.9078,538.8649,536.3351,506.6089,554.6767,833.5962
97,1430.6485,687.4955,652.7096,665.3591,660.2993,671.6838,668.5214,526.2155,517.9934,526.2155,536.3351,535.0701,524.9506,538.2325,629.9407,528.7454,531.9078,538.8649,536.3351,506.6089,554.6767,833.5962
98,1430.6485,687.4955,652.7096,665.3591,660.2993,671.6838,668.5214,667.2565,517.9934,526.2155,536.3351,535.0701,524.9506,538.2325,629.9407,528.7454,531.9078,538.8649,536.3351,506.6089,554.6767,833.5962
99,1430.6485,687.4955,652.7096,665.3591,660.2993,671.6838,668.5214,667.2565,663.4616,526.2155,536.3351,535.0701,524.9506,538.2325,629.9407,528.7454,531.9078,538.8649,536.3351,506.6089,554.6767,833.5962
100,1430.6485,687.4955,652.7096,665.3591,660.2993,671.6838,668.5214,667.2565,663.4616,656.5045,536.3351,535.0701,524.9506,538.2325,629.9407,528.7454,531.9078,538.8649,536.3351,506.6089,554.6767,833.5962
101,1430.6485,687.4955,652.7096,665.3591,660.2993,671.6838,668.5214,667.2565,663.4616,656.5045,659.0344,535.0701,524.9506,538.2325,629.9407,528.7454,531.9078,538.8649,536.3351,506.6089,554.6767,833.5962
102,1430.6485,687.4955,652.7096,665.3591,660.2993,671.6838,668.5214,667.2565,663.4616,656.5045,659.0344,662.1967,524.9506,538.2325,629.9407,528.7454,531.9078,538.8649,536.3351,506.6089,554.6767,833.5962
103,1430.6485,687.4955,652.7096,665.3591,660.2993,671.6838,668.5214,667.2565,663.4616,656.5045,659.0344,662.1967,665.3591,538.2325,629.9407,528.7454,531.9078,538.8649,536.3351,506.6089,554.6767,833.5962
104,1430.6485,687.4955,652.7096,665.3591,660.2993,671.6838,668.5214,667.2565,663.4616,656.5045,659.0344,662.1967,665.3591,663.4616,629.9407,528.7454,531.9078,538.8649,536.3351,506.6089,554.6767,833.5962
105,1430.6485,687.4955,652.7096,665.3591,660.2993,671.6838,668.5214,667.2565,663.4616,656.5045,659.0344,662.1967,665.3591,663.4616,777.9388,528.7454,531.9078,538.8649,536.3351,506.6089,554.6767,833.5962
106,1430.6485,687.4955,652.7096,665.3591,660.2993,671.6838,668.5214,667.2565,663.4616,656.5045,659.0344,662.1967,665.3591,663.4616,777.9388,660.2993,531.9078,538.8649,536.3351,506.6089,554.6767,833.5962
107,1430.6485,687.4955,652.7096,665.3591,660.2993,671.6838,668.5214,667.2565,663.4616,656.5045,659.0344,662.1967,665.3591,663.4616,777.9388,660.2993,664.7266,538.8649,536.3351,506.6089,554.6767,833.5962
108,1430.6485,687.4955,652.7096,665.3591,660.2993,671.6838,668.5214,667.2565,663.4616,656.5045,659.0344,662.1967,665.3591,663.4616,777.9388,660.2993,664.7266,660.2993,536.3351,506.6089,554.6767,833.5962
109,1430.6485,687.4955,652.7096,665.3591,660.2993,671.6838,668.5214,667.2565,663.4616,656.5045,659.0344,662.1967,665.3591,663.4616,777.9388,660.2993,664.7266,660.2993,664.7266,506.6089,554.6767,833.5962
110,1430.6485,687.4955,652.7096,665.3591,660.2993,671.6838,668.5214,667.2565,663.4616,656.5045,659.0344,662.1967,665.3591,663.4616,777.9388,660.2993,664.7266,660.2993,664.7266,653.3421,554.6767,833.5962
111,1430.6485,687.4955,652.7096,665.3591,660.2993,671.6838,668.5214,667.2565,663.4616,656.5045,659.0344,662.1967,665.3591,663.4616,777.9388,660.2993,664.7266,660.2993,664.7266,653.3421,685.5981,833.5962
112,1430.6485,687.4955,652.7096,665.3591,660.2993,671.6838,668.5214,667.2565,663.4616,656.5045,659.0344,662.1967,665.3591,663.4616,777.9388,660.2993,664.7266,660.2993,664.7266,653.3421,685.5981,958.8254
113,1563.4673,687.4955,652.7096,665.3591,660.2993,671.6838,668.5214,667.2565,663.4616,656.5045,659.0344,662.1967,665.3591,663.4616,777.9388,660.2993,664.7266,660.2993,664.7266,653.3421,685.5981,958.8254
114,1563.4673,817.152,652.7096,665.3591,660.2993,671.6838,668.5214,667.2565,663.4616,656.5045,659.0344,662.1967,665.3591,663.4616,777.9388,660.2993,664.7266,660.2993,664.7266,653.3421,685.5981,958.8254
115,1563.4673,817.152,788.6908,665.3591,660.2993,671.6838,668.5214,667.2565,663.4616,656.5045,659.0344,662.1967,665.3591,663.4616,777.9388,660.2993,664.7266,660.2993,664.7266,653.3421,685.5981,958.8254
116,1563.4673,817.152,788.6908,789.9558,660.2993,671.6838,668.5214,667.2565,663.4616,656.5045,659.0344,662.1967,665.3591,663.4616,777.9388,660.2993,664.7266,660.2993,664.7266,653.3421,685.5981,958.8254
117,1563.4673,817.152,788.6908,789.9558,804.5026,671.6838,668.5214,667.2565,663.4616,656.5045,659.0344,662.1967,665.3591,663.4616,777.9388,660.2993,664.7266,660.2993,664.7266,653.3421,685.5981,958.8254
118,1563.4673,817.152,788.6908,789.9558,804.5026,802.6052,668.5214,667.2565,663.4616,656.5045,659.0344,662.1967,665.3591,663.4616,777.9388,660.2993,664.7266,660.2993,664.7266,653.3421,685.5981,958.8254
119,1563.4673,817.152,788.6908,789.9558,804.5026,802.6052,789.9558,667.2565,663.4616,656.5045,659.0344,662.1967,665.3591,663.4616,777.9388,660.2993,664.7266,660.2993,664.7266,653.3421,685.5981,958.8254
120,1563.4673,817.152,788.6908,789.9558,804.5026,802.6052,789.9558,809.5624,663.4616,656.5045,659.0344,662.1967,665.3591,663.4616,777.9388,660.2993,664.7266,660.2993,664.7266,653.3421,685.5981,958.8254
121,1563.4673,817.152,788.6908,789.9558,804.5026,802.6052,789.9558,809.5624,796.2805,656.5045,659.0344,662.1967,665.3591,663.4616,777.9388,660.2993,664.7266,660.2993,664.7266,653.3421,685.5981,958.8254
122,1563.4673,817.152,788.6908,789.9558,804.5026,802.6052,789.9558,809.5624,796.2805,785.5285,659.0344,662.1967,665.3591,663.4616,777.9388,660.2993,664.7266,660.2993,664.7266,653.3421,685.5981,958.8254
123,1563.4673,817.152,788.6908,789.9558,804.5026,802.6052,789.9558,809.5624,796.2805,785.5285,795.648,662.1967,665.3591,663.4616,777.9388,660.2993,664.7266,660.2993,664.7266,653.3421,685.5981,958.8254
124,1563.4673,817.152,788.6908,789.9558,804.5026,802.6052,789.9558,809.5624,796.2805,785.5285,795.648,788.0584,665.3591,663.4616,777.9388,660.2993,664.7266,660.2993,664.7266,653.3421,685.5981,958.8254
125,1563.4673,817.152,788.6908,789.9558,804.5026,802.6052,789.9558,809.5624,796.2805,785.5285,795.648,788.0584,805.7675,663.4616,777.9388,660.2993,664.7266,660.2993,664.7266,653.3421,685.5981,958.8254
126,1563.4673,817.152,788.6908,789.9558,804.5026,802.6052,789.9558,809.5624,796.2805,785.5285,795.648,788.0584,805.7675,788.6908,777.9388,660.2993,664.7266,660.2993,664.7266,653.3421,685.5981,958.8254
127,1563.4673,817.152,788.6908,789.9558,804.5026,802.6052,789.9558,809.5624,796.2805,785.5285,795.648,788.0584,805.7675,788.6908,926.5694,660.2993,664.7266,660.2993,664.7266,653.3421,685.5981,958.8254
128,1563.4673,817.152,788.6908,789.9558,804.5026,802.6052,789.9558,809.5624,796.2805,785.5285,795.648,788.0584,805.7675,788.6908,926.5694,792.4856,664.7266,660.2993,664.7266,653.3421,685.5981,958.8254
129,1563.4673,817.152,788.6908,789.9558,804.5026,802.6052,789.9558,809.5624,796.2805,785.5285,795.648,788.0584,805.7675,788.6908,926.5694,792.4856,797.5454,660.2993,664.7266,653.3421,685.5981,958.8254
130,1563.4673,817.152,788.6908,789.9558,804.5026,802.6052,789.9558,809.5624,796.2805,785.5285,795.648,788.0584,805.7675,788.6908,926.5694,792.4856,797.5454,795.648,664.7266,653.3421,685.5981,958.8254
131,1563.4673,817.152,788.6908,789.9558,804.5026,802.6052,789.9558,809.5624,796.2805,785.5285,795.648,788.0584,805.7675,788.6908,926.5694,792.4856,797.5454,795.648,790.5882,653.3421,685.5981,958.8254
132,1563.4673,817.152,788.6908,789.9558,804.5026,802.6052,789.9558,809.5624,796.2805,785.5285,795.648,788.0584,805.7675,788.6908,926.5694,792.4856,797.5454,795.648,790.5882,786.7934,685.5981,958.8254
133,1563.4673,817.152,788.6908,789.9558,804.5026,802.6052,789.9558,809.5624,796.2805,785.5285,795.648,788.0584,805.7675,788.6908,926.5694,792.4856,797.5454,795.648,790.5882,786.7934,816.5195,958.8254
134,1563.4673,817.152,788.6908,789.9558,804.5026,802.6052,789.9558,809.5624,796.2805,785.5285,795.648,788.0584,805.7675,788.6908,926.5694,792.4856,797.5454,795.648,790.5882,786.7934,816.5195,1085.3195
135,1696.2861,817.152,788.6908,789.9558,804.5026,802.6052,789.9558,809.5624,796.2805,785.5285,795.648,788.0584,805.7675,788.6908,926.5694,792.4856,797.5454,795.648,790.5882,786.7934,816.5195,1085.3195
136,1696.2861,946.176,788.6908,789.9558,804.5026,802.6052,789.9558,809.5624,796.2805,785.5285,795.648,788.0584,805.7675,788.6908,926.5694,792.4856,797.5454,795.648,790.5882,786.7934,816.5195,1085.3195
137,1696.2861,946.176,938.5864,789.9558,804.5026,802.6052,789.9558,809.5624,796.2805,785.5285,795.648,788.0584,805.7675,788.6908,926.5694,792.4856,797.5454,795.648,790.5882,786.7934,816.5195,1085.3195
138,1696.2861,946.176,938.5864,913.92,804.5026,802.6052,789.9558,809.5624,796.2805,785.5285,795.648,788.0584,805.7675,788.6908,926.5694,792.4856,797.5454,795.648,790.5882,786.7934,816.5195,1085.3195
139,1696.2861,946.176,938.5864,913.92,937.3214,802.6052,789.9558,809.5624,796.2805,785.5285,795.648,788.0584,805.7675,788.6908,926.5694,792.4856,797.5454,795.648,790.5882,786.7934,816.5195,1085.3195
140,1696.2861,946.176,938.5864,913.92,937.3214,932.8941,789.9558,809.5624,796.2805,785.5285,795.648,788.0584,805.7675,788.6908,926.5694,792.4856,797.5454,795.648,790.5882,786.7934,816.5195,1085.3195
141,1696.2861,946.176,938.5864,913.92,937.3214,932.8941,924.672,809.5624,796.2805,785.5285,795.648,788.0584,805.7675,788.6908,926.5694,792.4856,797.5454,795.648,790.5882,786.7934,816.5195,1085.3195
142,1696.2861,946.176,938.5864,913.92,937.3214,932.8941,924.672,937.9539,796.2805,785.5285,795.648,788.0584,805.7675,788.6908,926.5694,792.4856,797.5454,795.648,790.5882,786.7934,816.5195,1085.3195
143,1696.2861,946.176,938.5864,913.92,937.3214,932.8941,924.672,937.9539,929.0993,785.5285,795.648,788.0584,805.7675,788.6908,926.5694,792.4856,797.5454,795.648,790.5882,786.7934,816.5195,1085.3195
144,1696.2861,946.176,938.5864,913.92,937.3214,932.8941,924.672,937.9539,929.0993,913.2875,795.648,788.0584,805.7675,788.6908,926.5694,792.4856,797.5454,795.648,790.5882,786.7934,816.5195,1085.3195
145,1696.2861,946.176,938.5864,913.92,937.3214,932.8941,924.672,937.9539,929.0993,913.2875,934.1591,788.0584,805.7675,788.6908,926.5694,792.4856,797.5454,795.648,790.5882,786.7934,816.5195,1085.3195
146,1696.2861,946.176,938.5864,913.92,937.3214,932.8941,924.672,937.9539,929.0993,913.2875,934.1591,912.6551,805.7675,788.6908,926.5694,792.4856,797.5454,795.648,790.5882,786.7934,816.5195,1085.3195
147,1696.2861,946.176,938.5864,913.92,937.3214,932.8941,924.672,937.9539,929.0993,913.2875,934.1591,912.6551,935.424,788.6908,926.5694,792.4856,797.5454,795.648,790.5882,786.7934,816.5195,1085.3195
148,1696.2861,946.176,938.5864,913.92,937.3214,932.8941,924.672,937.9539,929.0993,913.2875,934.1591,912.6551,935.424,937.9539,926.5694,792.4856,797.5454,795.648,790.5882,786.7934,816.5195,1085.3195
149,1696.2861,946.176,938.5864,913.92,937.3214,932.8941,924.672,937.9539,929.0993,913.2875,934.1591,912.6551,935.424,937.9539,1048.0038,792.4856,797.5454,795.648,790.5882,786.7934,816.5195,1085.3195
150,1696.2861,946.176,938.5864,913.92,937.3214,932.8941,924.672,937.9539,929.0993,913.2875,934.1591,912.6551,935.424,937.9539,1048.0038,924.672,797.5454,795.648,790.5882,786.7934,816.5195,1085.3195
151,1696.2861,946.176,938.5864,913.92,937.3214,932.8941,924.672,937.9539,929.0993,913.2875,934.1591,912.6551,935.424,937.9539,1048.0038,924.672,930.3642,795.648,790.5882,786.7934,816.5195,1085.3195
152,1696.2861,946.176,938.5864,913.92,937.3214,932.8941,924.672,937.9539,929.0993,913.2875,934.1591,912.6551,935.424,937.9539,1048.0038,924.672,930.3642,931.6292,790.5882,786.7934,816.5195,1085.3195
153,1696.2861,946.176,938.5864,913.92,937.3214,932.8941,924.672,937.9539,929.0993,913.2875,934.1591,912.6551,935.424,937.9539,1048.0038,924.672,930.3642,931.6292,918.3473,786.7934,816.5195,1085.3195
154,1696.2861,946.176,938.5864,913.92,937.3214,932.8941,924.672,937.9539,929.0993,913.2875,934.1591,912.6551,935.424,937.9539,1048.0038,924.672,930.3642,931.6292,918.3473,919.6122,816.5195,1085.3195
155,1696.2861,946.176,938.5864,913.92,937.3214,932.8941,924.672,937.9539,929.0993,913.2875,934.1591,912.6551,935.424,937.9539,1048.0038,924.672,930.3642,931.6292,918.3473,919.6122,947.4409,1085.3195
156,1696.2861,946.176,938.5864,913.92,937.3214,932.8941,924.672,937.9539,929.0993,913.2875,934.1591,912.6551,935.424,937.9539,1048.0038,924.672,930.3642,931.6292,918.3473,919.6122,947.4409,1223.8306
157,1829.1049,946.176,938.5864,913.92,937.3214,932.8941,924.672,937.9539,929.0993,913.2875,934.1591,912.6551,935.424,937.9539,1048.0038,924.672,930.3642,931.6292,918.3473,919.6122,947.4409,1223.8306
158,1829.1049,1075.2,938.5864,913.92,937.3214,932.8941,924.672,937.9539,929.0993,913.2875,934.1591,912.6551,935.424,937.9539,1048.0038,924.672,930.3642,931.6292,918.3473,919.6122,947.4409,1223.8306
159,1829.1049,1075.2,1075.2,913.92,937.3214,932.8941,924.672,937.9539,929.0993,913.2875,934.1591,912.6551,935.424,937.9539,1048.0038,924.672,930.3642,931.6292,918.3473,919.6122,947.4409,1223.8306
160,1829.1049,1075.2,1075.2,1053.696,937.3214,932.8941,924.672,937.9539,929.0993,913.2875,934.1591,912.6551,935.424,937.9539,1048.0038,924.672,930.3642,931.6292,918.3473,919.6122,947.4409,1223.8306
161,1829.1049,1075.2,1075.2,1053.696,1082.1572,932.8941,924.672,937.9539,929.0993,913.2875,934.1591,912.6551,935.424,937.9539,1048.0038,924.672,930.3642,931.6292,918.3473,919.6122,947.4409,1223.8306
162,1829.1049,1075.2,1075.2,1053.696,1082.1572,1049.9012,924.672,937.9539,929.0993,913.2875,934.1591,912.6551,935.424,937.9539,1048.0038,924.672,930.3642,931.6292,918.3473,919.6122,947.4409,1223.8306
163,1829.1049,1075.2,1075.2,1053.696,1082.1572,1049.9012,1059.3882,937.9539,929.0993,913.2875,934.1591,912.6551,935.424,937.9539,1048.0038,924.672,930.3642,931.6292,918.3473,919.6122,947.4409,1223.8306
164,1829.1049,1075.2,1075.2,1053.696,1082.1572,1049.9012,1059.3882,1065.0805,929.0993,913.2875,934.1591,912.6551,935.424,937.9539,1048.0038,924.672,930.3642,931.6292,918.3473,919.6122,947.4409,1223.8306
165,1829.1049,1075.2,1075.2,1053.696,1082.1572,1049.9012,1059.3882,1065.0805,1061.9181,913.2875,934.1591,912.6551,935.424,937.9539,1048.0038,924.672,930.3642,931.6292,918.3473,919.6122,947.4409,1223.8306
166,1829.1049,1075.2,1075.2,1053.696,1082.1572,1049.9012,1059.3882,1065.0805,1061.9181,1042.944,934.1591,912.6551,935.424,937.9539,1048.0038,924.672,930.3642,931.6292,918.3473,919.6122,947.4409,1223.8306
167,1829.1049,1075.2,1075.2,1053.696,1082.1572,1049.9012,1059.3882,1065.0805,1061.9181,1042.944,1070.1402,912.6551,935.424,937.9539,1048.0038,924.672,930.3642,931.6292,918.3473,919.6122,947.4409,1223.8306
168,1829.1049,1075.2,1075.2,1053.696,1082.1572,1049.9012,1059.3882,1065.0805,1061.9181,1042.944,1070.1402,1040.4141,935.424,937.9539,1048.0038,924.672,930.3642,931.6292,918.3473,919.6122,947.4409,1223.8306
169,1829.1049,1075.2,1075.2,1053.696,1082.1572,1049.9012,1059.3882,1065.0805,1061.9181,1042.944,1070.1402,1040.4141,1062.5506,937.9539,1048.0038,924.672,930.3642,931.6292,918.3473,919.6122,947.4409,1223.8306
170,1829.1049,1075.2,1075.2,1053.696,1082.1572,1049.9012,1059.3882,1065.0805,1061.9181,1042.944,1070.1402,1040.4141,1062.5506,1089.7468,1048.0038,924.672,930.3642,931.6292,918.3473,919.6122,947.4409,1223.8306
171,1829.1049,1075.2,1075.2,1053.696,1082.1572,1049.9012,1059.3882,1065.0805,1061.9181,1042.944,1070.1402,1040.4141,1062.5506,1089.7468,1168.8056,924.672,930.3642,931.6292,918.3473,919.6122,947.4409,1223.8306
172,1829.1049,1075.2,1075.2,1053.696,1082.1572,1049.9012,1059.3882,1065.0805,1061.9181,1042.944,1070.1402,1040.4141,1062.5506,1089.7468,1168.8056,1056.8584,930.3642,931.6292,918.3473,919.6122,947.4409,1223.8306
173,1829.1049,1075.2,1075.2,1053.696,1082.1572,1049.9012,1059.3882,1065.0805,1061.9181,1042.944,1070.1402,1040.4141,1062.5506,1089.7468,1168.8056,1056.8584,1063.1831,931.6292,918.3473,919.6122,947.4409,1223.8306
174,1829.1049,1075.2,1075.2,1053.696,1082.1572,1049.9012,1059.3882,1065.0805,1061.9181,1042.944,1070.1402,1040.4141,1062.5506,1089.7468,1168.8056,1056.8584,1063.1831,1065.7129,918.3473,919.6122,947.4409,1223.8306
175,1829.1049,1075.2,1075.2,1053.696,1082.1572,1049.9012,1059.3882,1065.0805,1061.9181,1042.944,1070.1402,1040.4141,1062.5506,1089.7468,1168.8056,1056.8584,1063.1831,1065.7129,1047.3713,919.6122,947.4409,1223.8306
176,1829.1049,1075.2,1075.2,1053.696,1082.1572,1049.9012,1059.3882,1065.0805,1061.9181,1042.944,1070.1402,1040.4141,1062.5506,1089.7468,1168.8056,1056.8584,1063.1831,1065.7129,1047.3713,1053.0635,947.4409,1223.8306
177,1829.1049,1075.2,1075.2,1053.696,1082.1572,1049.9012,1059.3882,1065.0805,1061.9181,1042.944,1070.1402,1040.4141,1062.5506,1089.7468,1168.8056,1056.8584,1063.1831,1065.7129,1047.3713,1053.0635,1077.7299,1223.8306
178,1829.1049,1075.2,1075.2,1053.696,1082.1572,1049.9012,1059.3882,1065.0805,1061.9181,1042.944,1070.1402,1040.4141,1062.5506,1089.7468,1168.8056,1056.8584,1063.1831,1065.7129,1047.3713,1053.0635,1077.7299,1362.3416
179,1961.9238,1075.2,1075.2,1053.696,1082.1572,1049.9012,1059.3882,1065.0805,1061.9181,1042.944,1070.1402,1040.4141,1062.5506,1089.7468,1168.8056,1056.8584,1063.1831,1065.7129,1047.3713,1053.0635,1077.7299,1362.3416
180,1961.9238,1205.4889,1075.2,1053.696,1082.1572,1049.9012,1059.3882,1065.0805,1061.9181,1042.944,1070.1402,1040.4141,1062.5506,1089.7468,1168.8056,1056.8584,1063.1831,1065.7129,1047.3713,1053.0635,1077.7299,1362.3416
181,1961.9238,1205.4889,1210.5487,1053.696,1082.1572,1049.9012,1059.3882,1065.0805,1061.9181,1042.944,1070.1402,1040.4141,1062.5506,1089.7468,1168.8056,1056.8584,1063.1831,1065.7129,1047.3713,1053.0635,1077.7299,1362.3416
182,1961.9238,1205.4889,1210.5487,1191.5746,1082.1572,1049.9012,1059.3882,1065.0805,1061.9181,1042.944,1070.1402,1040.4141,1062.5506,1089.7468,1168.8056,1056.8584,1063.1831,1065.7129,1047.3713,1053.0635,1077.7299,1362.3416
183,1961.9238,1205.4889,1210.5487,1191.5746,1200.4292,1049.9012,1059.3882,1065.0805,1061.9181,1042.944,1070.1402,1040.4141,1062.5506,1089.7468,1168.8056,1056.8584,1063.1831,1065.7129,1047.3713,1053.0635,1077.7299,1362.3416
184,1961.9238,1205.4889,1210.5487,1191.5746,1200.4292,1194.1045,1059.3882,1065.0805,1061.9181,1042.944,1070.1402,1040.4141,1062.5506,1089.7468,1168.8056,1056.8584,1063.1831,1065.7129,1047.3713,1053.0635,1077.7299,1362.3416
185,1961.9238,1205.4889,1210.5487,1191.5746,1200.4292,1194.1045,1207.3864,1065.0805,1061.9181,1042.944,1070.1402,1040.4141,1062.5506,1089.7468,1168.8056,1056.8584,1063.1831,1065.7129,1047.3713,1053.0635,1077.7299,1362.3416
186,1961.9238,1205.4889,1210.5487,1191.5746,1200.4292,1194.1045,1207.3864,1193.472,1061.9181,1042.944,1070.1402,1040.4141,1062.5506,1089.7468,1168.8056,1056.8584,1063.1831,1065.7129,1047.3713,1053.0635,1077.7299,1362.3416
187,1961.9238,1205.4889,1210.5487,1191.5746,1200.4292,1194.1045,1207.3864,1193.472,1181.4551,1042.944,1070.1402,1040.4141,1062.5506,1089.7468,1168.8056,1056.8584,1063.1831,1065.7129,1047.3713,1053.0635,1077.7299,1362.3416
188,1961.9238,1205.4889,1210.5487,1191.5746,1200.4292,1194.1045,1207.3864,1193.472,1181.4551,1172.6005,1070.1402,1040.4141,1062.5506,1089.7468,1168.8056,1056.8584,1063.1831,1065.7129,1047.3713,1053.0635,1077.7299,1362.3416
189,1961.9238,1205.4889,1210.5487,1191.5746,1200.4292,1194.1045,1207.3864,1193.472,1181.4551,1172.6005,1220.0358,1040.4141,1062.5506,1089.7468,1168.8056,1056.8584,1063.1831,1065.7129,1047.3713,1053.0635,1077.7299,1362.3416
190,1961.9238,1205.4889,1210.5487,1191.5746,1200.4292,1194.1045,1207.3864,1193.472,1181.4551,1172.6005,1220.0358,1166.9082,1062.5506,1089.7468,1168.8056,1056.8584,1063.1831,1065.7129,1047.3713,1053.0635,1077.7299,1362.3416
191,1961.9238,1205.4889,1210.5487,1191.5746,1200.4292,1194.1045,1207.3864,1193.472,1181.4551,1172.6005,1220.0358,1166.9082,1189.6772,1089.7468,1168.8056,1056.8584,1063.1831,1065.7129,1047.3713,1053.0635,1077.7299,1362.3416
192,1961.9238,1205.4889,1210.5487,1191.5746,1200.4292,1194.1045,1207.3864,1193.472,1181.4551,1172.6005,1220.0358,1166.9082,1189.6772,1215.6085,1168.8056,1056.8584,1063.1831,1065.7129,1047.3713,1053.0635,1077.7299,1362.3416
193,1961.9238,1205.4889,1210.5487,1191.5746,1200.4292,1194.1045,1207.3864,1193.472,1181.4551,1172.6005,1220.0358,1166.9082,1189.6772,1215.6085,1316.1713,1056.8584,1063.1831,1065.7129,1047.3713,1053.0635,1077.7299,1362.3416
194,1961.9238,1205.4889,1210.5487,1191.5746,1200.4292,1194.1045,1207.3864,1193.472,1181.4551,1172.6005,1220.0358,1166.9082,1189.6772,1215.6085,1316.1713,1175.1304,1063.1831,1065.7129,1047.3713,1053.0635,1077.7299,1362.3416
195,1961.9238,1205.4889,1210.5487,1191.5746,1200.4292,1194.1045,1207.3864,1193.472,1181.4551,1172.6005,1220.0358,1166.9082,1189.6772,1215.6085,1316.1713,1175.1304,1196.0019,1065.7129,1047.3713,1053.0635,1077.7299,1362.3416
196,1961.9238,1205.4889,1210.5487,1191.5746,1200.4292,1194.1045,1207.3864,1193.472,1181.4551,1172.6005,1220.0358,1166.9082,1189.6772,1215.6085,1316.1713,1175.1304,1196.0019,1201.6941,1047.3713,1053.0635,1077.7299,1362.3416
197,1961.9238,1205.4889,1210.5487,1191.5746,1200.4292,1194.1045,1207.3864,1193.472,1181.4551,1172.6005,1220.0358,1166.9082,1189.6772,1215.6085,1316.1713,1175.1304,1196.0019,1201.6941,1186.5148,1053.0635,1077.7299,1362.3416
198,1961.9238,1205.4889,1210.5487,1191.5746,1200.4292,1194.1045,1207.3864,1193.472,1181.4551,1172.6005,1220.0358,1166.9082,1189.6772,1215.6085,1316.1713,1175.1304,1196.0019,1201.6941,1186.5148,1173.2329,1077.7299,1362.3416
199,1961.9238,1205.4889,1210.5487,1191.5746,1200.4292,1194.1045,1207.3864,1193.472,1181.4551,1172.6005,1220.0358,1166.9082,1189.6772,1215.6085,1316.1713,1175.1304,1196.0019,1201.6941,1186.5148,1173.2329,1221.3007,1362.3416
200,1961.9238,1205.4889,1210.5487,1191.5746,1200.4292,1194.1045,1207.3864,1193.472,1181.4551,1172.6005,1220.0358,1166.9082,1189.6772,1215.6085,1316.1713,1175.1304,1196.0019,1201.6941,1186.5148,1173.2329,1221.3007,1490.7332
201,2107.392,1205.4889,1210.5487,1191.5746,1200.4292,1194.1045,1207.3864,1193.472,1181.4551,1172.6005,1220.0358,1166.9082,1189.6772,1215.6085,1316.1713,1175.1304,1196.0019,1201.6941,1186.5148,1173.2329,1221.3007,1490.7332
202,2107.392,1333.8805,1210.5487,1191.5746,1200.4292,1194.1045,1207.3864,1193.472,1181.4551,1172.6005,1220.0358,1166.9082,1189.6772,1215.6085,1316.1713,1175.1304,1196.0019,1201.6941,1186.5148,1173.2329,1221.3007,1490.7332
203,2107.392,1333.8805,1333.8805,1191.5746,1200.4292,1194.1045,1207.3864,1193.472,1181.4551,1172.6005,1220.0358,1166.9082,1189.6772,1215.6085,1316.1713,1175.1304,1196.0019,1201.6941,1186.5148,1173.2329,1221.3007,1490.7332
204,2107.392,1333.8805,1333.8805,1328.8207,1200.4292,1194.1045,1207.3864,1193.472,1181.4551,1172.6005,1220.0358,1166.9082,1189.6772,1215.6085,1316.1713,1175.1304,1196.0019,1201.6941,1186.5148,1173.2329,1221.3007,1490.7332
205,2107.392,1333.8805,1333.8805,1328.8207,1332.6155,1194.1045,1207.3864,1193.472,1181.4551,1172.6005,1220.0358,1166.9082,1189.6772,1215.6085,1316.1713,1175.1304,1196.0019,1201.6941,1186.5148,1173.2329,1221.3007,1490.7332
206,2107.392,1333.8805,1333.8805,1328.8207,1332.6155,1312.3765,1207.3864,1193.472,1181.4551,1172.6005,1220.0358,1166.9082,1189.6772,1215.6085,1316.1713,1175.1304,1196.0019,1201.6941,1186.5148,1173.2329,1221.3007,1490.7332
207,2107.392,1333.8805,1333.8805,1328.8207,1332.6155,1312.3765,1341.4701,1193.472,1181.4551,1172.6005,1220.0358,1166.9082,1189.6772,1215.6085,1316.1713,1175.1304,1196.0019,1201.6941,1186.5148,1173.2329,1221.3007,1490.7332
208,2107.392,1333.8805,1333.8805,1328.8207,1332.6155,1312.3765,1341.4701,1335.1454,1181.4551,1172.6005,1220.0358,1166.9082,1189.6772,1215.6085,1316.1713,1175.1304,1196.0019,1201.6941,1186.5148,1173.2329,1221.3007,1490.7332
209,2107.392,1333.8805,1333.8805,1328.8207,1332.6155,1312.3765,1341.4701,1335.1454,1327.5558,1172.6005,1220.0358,1166.9082,1189.6772,1215.6085,1316.1713,1175.1304,1196.0019,1201.6941,1186.5148,1173.2329,1221.3007,1490.7332
210,2107.392,1333.8805,1333.8805,1328.8207,1332.6155,1312.3765,1341.4701,1335.1454,1327.5558,1300.3595,1220.0358,1166.9082,1189.6772,1215.6085,1316.1713,1175.1304,1196.0019,1201.6941,1186.5148,1173.2329,1221.3007,1490.7332
211,2107.392,1333.8805,1333.8805,1328.8207,1332.6155,1312.3765,1341.4701,1335.1454,1327.5558,1300.3595,1344.6325,1166.9082,1189.6772,1215.6085,1316.1713,1175.1304,1196.0019,1201.6941,1186.5148,1173.2329,1221.3007,1490.7332
212,2107.392,1333.8805,1333.8805,1328.8207,1332.6155,1312.3765,1341.4701,1335.1454,1327.5558,1300.3595,1344.6325,1306.0518,1189.6772,1215.6085,1316.1713,1175.1304,1196.0019,1201.6941,1186.5148,1173.2329,1221.3007,1490.7332
213,2107.392,1333.8805,1333.8805,1328.8207,1332.6155,1312.3765,1341.4701,1335.1454,1327.5558,1300.3595,1344.6325,1306.0518,1318.7012,1215.6085,1316.1713,1175.1304,1196.0019,1201.6941,1186.5148,1173.2329,1221.3007,1490.7332
214,2107.392,1333.8805,1333.8805,1328.8207,1332.6155,1312.3765,1341.4701,1335.1454,1327.5558,1300.3595,1344.6325,1306.0518,1318.7012,1338.9402,1316.1713,1175.1304,1196.0019,1201.6941,1186.5148,1173.2329,1221.3007,1490.7332
215,2107.392,1333.8805,1333.8805,1328.8207,1332.6155,1312.3765,1341.4701,1335.1454,1327.5558,1300.3595,1344.6325,1306.0518,1318.7012,1338.9402,1450.2551,1175.1304,1196.0019,1201.6941,1186.5148,1173.2329,1221.3007,1490.7332
216,2107.392,1333.8805,1333.8805,1328.8207,1332.6155,1312.3765,1341.4701,1335.1454,1327.5558,1300.3595,1344.6325,1306.0518,1318.7012,1338.9402,1450.2551,1306.6842,1196.0019,1201.6941,1186.5148,1173.2329,1221.3007,1490.7332
217,2107.392,1333.8805,1333.8805,1328.8207,1332.6155,1312.3765,1341.4701,1335.1454,1327.5558,1300.3595,1344.6325,1306.0518,1318.7012,1338.9402,1450.2551,1306.6842,1329.4532,1201.6941,1186.5148,1173.2329,1221.3007,1490.7332
218,2107.392,1333.8805,1333.8805,1328.8207,1332.6155,1312.3765,1341.4701,1335.1454,1327.5558,1300.3595,1344.6325,1306.0518,1318.7012,1338.9402,1450.2551,1306.6842,1329.4532,1337.6753,1186.5148,1173.2329,1221.3007,1490.7332
219,2107.392,1333.8805,1333.8805,1328.8207,1332.6155,1312.3765,1341.4701,1335.1454,1327.5558,1300.3595,1344.6325,1306.0518,1318.7012,1338.9402,1450.2551,1306.6842,1329.4532,1337.6753,1326.9233,1173.2329,1221.3007,1490.7332
220,2107.392,1333.8805,1333.8805,1328.8207,1332.6155,1312.3765,1341.4701,1335.1454,1327.5558,1300.3595,1344.6325,1306.0518,1318.7012,1338.9402,1450.2551,1306.6842,1329.4532,1337.6753,1326.9233,1306.6842,1221.3007,1490.7332
221,2107.392,1333.8805,1333.8805,1328.8207,1332.6155,1312.3765,1341.4701,1335.1454,1327.5558,1300.3595,1344.6325,1306.0518,1318.7012,1338.9402,1450.2551,1306.6842,1329.4532,1337.6753,1326.9233,1306.6842,1352.8546,1490.7332
222,2107.392,1333.8805,1333.8805,1328.8207,1332.6155,1312.3765,1341.4701,1335.1454,1327.5558,1300.3595,1344.6325,1306.0518,1318.7012,1338.9402,1450.2551,1306.6842,1329.4532,1337.6753,1326.9233,1306.6842,1352.8546,1615.3299
223,2240.2108,1333.8805,1333.8805,1328.8207,1332.6155,1312.3765,1341.4701,1335.1454,1327.5558,1300.3595,1344.6325,1306.0518,1318.7012,1338.9402,1450.2551,1306.6842,1329.4532,1337.6753,1326.9233,1306.6842,1352.8546,1615.3299
224,2240.2108,1462.9045,1333.8805,1328.8207,1332.6155,1312.3765,1341.4701,1335.1454,1327.5558,1300.3595,1344.6325,1306.0518,1318.7012,1338.9402,1450.2551,1306.6842,1329.4532,1337.6753,1326.9233,1306.6842,1352.8546,1615.3299
225,2240.2108,1462.9045,1483.776,1328.8207,1332.6155,1312.3765,1341.4701,1335.1454,1327.5558,1300.3595,1344.6325,1306.0518,1318.7012,1338.9402,1450.2551,1306.6842,1329.4532,1337.6753,1326.9233,1306.6842,1352.8546,1615.3299
226,2240.2108,1462.9045,1483.776,1455.3148,1332.6155,1312.3765,1341.4701,1335.1454,1327.5558,1300.3595,1344.6325,1306.0518,1318.7012,1338.9402,1450.2551,1306.6842,1329.4532,1337.6753,1326.9233,1306.6842,1352.8546,1615.3299
227,2240.2108,1462.9045,1483.776,1455.3148,1464.1694,1312.3765,1341.4701,1335.1454,1327.5558,1300.3595,1344.6325,1306.0518,1318.7012,1338.9402,1450.2551,1306.6842,1329.4532,1337.6753,1326.9233,1306.6842,1352.8546,1615.3299
228,2240.2108,1462.9045,1483.776,1455.3148,1464.1694,1442.6654,1341.4701,1335.1454,1327.5558,1300.3595,1344.6325,1306.0518,1318.7012,1338.9402,1450.2551,1306.6842,1329.4532,1337.6753,1326.9233,1306.6842,1352.8546,1615.3299
229,2240.2108,1462.9045,1483.776,1455.3148,1464.1694,1442.6654,1476.1864,1335.1454,1327.5558,1300.3595,1344.6325,1306.0518,1318.7012,1338.9402,1450.2551,1306.6842,1329.4532,1337.6753,1326.9233,1306.6842,1352.8546,1615.3299
230,2240.2108,1462.9045,1483.776,1455.3148,1464.1694,1442.6654,1476.1864,1461.6395,1327.5558,1300.3595,1344.6325,1306.0518,1318.7012,1338.9402,1450.2551,1306.6842,1329.4532,1337.6753,1326.9233,1306.6842,1352.8546,1615.3299
231,2240.2108,1462.9045,1483.776,1455.3148,1464.1694,1442.6654,1476.1864,1461.6395,1460.3746,1300.3595,1344.6325,1306.0518,1318.7012,1338.9402,1450.2551,1306.6842,1329.4532,1337.6753,1326.9233,1306.6842,1352.8546,1615.3299
232,2240.2108,1462.9045,1483.776,1455.3148,1464.1694,1442.6654,1476.1864,1461.6395,1460.3746,1430.016,1344.6325,1306.0518,1318.7012,1338.9402,1450.2551,1306.6842,1329.4532,1337.6753,1326.9233,1306.6842,1352.8546,1615.3299
233,2240.2108,1462.9045,1483.776,1455.3148,1464.1694,1442.6654,1476.1864,1461.6395,1460.3746,1430.016,1494.528,1306.0518,1318.7012,1338.9402,1450.2551,1306.6842,1329.4532,1337.6753,1326.9233,1306.6842,1352.8546,1615.3299
234,2240.2108,1462.9045,1483.776,1455.3148,1464.1694,1442.6654,1476.1864,1461.6395,1460.3746,1430.016,1494.528,1420.5289,1318.7012,1338.9402,1450.2551,1306.6842,1329.4532,1337.6753,1326.9233,1306.6842,1352.8546,1615.3299
235,2240.2108,1462.9045,1483.776,1455.3148,1464.1694,1442.6654,1476.1864,1461.6395,1460.3746,1430.016,1494.528,1420.5289,1459.1096,1338.9402,1450.2551,1306.6842,1329.4532,1337.6753,1326.9233,1306.6842,1352.8546,1615.3299
236,2240.2108,1462.9045,1483.776,1455.3148,1464.1694,1442.6654,1476.1864,1461.6395,1460.3746,1430.016,1494.528,1420.5289,1459.1096,1464.1694,1450.2551,1306.6842,1329.4532,1337.6753,1326.9233,1306.6842,1352.8546,1615.3299
237,2240.2108,1462.9045,1483.776,1455.3148,1464.1694,1442.6654,1476.1864,1461.6395,1460.3746,1430.016,1494.528,1420.5289,1459.1096,1464.1694,1597.6207,1306.6842,1329.4532,1337.6753,1326.9233,1306.6842,1352.8546,1615.3299
238,2240.2108,1462.9045,1483.776,1455.3148,1464.1694,1442.6654,1476.1864,1461.6395,1460.3746,1430.016,1494.528,1420.5289,1459.1096,1464.1694,1597.6207,1438.8706,1329.4532,1337.6753,1326.9233,1306.6842,1352.8546,1615.3299
239,2240.2108,1462.9045,1483.776,1455.3148,1464.1694,1442.6654,1476.1864,1461.6395,1460.3746,1430.016,1494.528,1420.5289,1459.1096,1464.1694,1597.6207,1438.8706,1462.272,1337.6753,1326.9233,1306.6842,1352.8546,1615.3299
240,2240.2108,1462.9045,1483.776,1455.3148,1464.1694,1442.6654,1476.1864,1461.6395,1460.3746,1430.016,1494.528,1420.5289,1459.1096,1464.1694,1597.6207,1438.8706,1462.272,1458.4772,1326.9233,1306.6842,1352.8546,1615.3299
241,2240.2108,1462.9045,1483.776,1455.3148,1464.1694,1442.6654,1476.1864,1461.6395,1460.3746,1430.016,1494.528,1420.5289,1459.1096,1464.1694,1597.6207,1438.8706,1462.272,1458.4772,1455.3148,1306.6842,1352.8546,1615.3299
242,2240.2108,1462.9045,1483.776,1455.3148,1464.1694,1442.6654,1476.1864,1461.6395,1460.3746,1430.016,1494.528,1420.5289,1459.1096,1464.1694,1597.6207,1438.8706,1462.272,1458.4772,1455.3148,1454.0499,1352.8546,1615.3299
243,2240.2108,1462.9045,1483.776,1455.3148,1464.1694,1442.6654,1476.1864,1461.6395,1460.3746,1430.016,1494.528,1420.5289,1459.1096,1464.1694,1597.6207,1438.8706,1462.272,1458.4772,1455.3148,1454.0499,1483.776,1615.3299
244,2240.2108,1462.9045,1483.776,1455.3148,1464.1694,1442.6654,1476.1864,1461.6395,1460.3746,1430.016,1494.528,1420.5289,1459.1096,1464.1694,1597.6207,1438.8706,1462.272,1458.4772,1455.3148,1454.0499,1483.776,1739.9266
245,2386.3115,1462.9045,1483.776,1455.3148,1464.1694,1442.6654,1476.1864,1461.6395,1460.3746,1430.016,1494.528,1420.5289,1459.1096,1464.1694,1597.6207,1438.8706,1462.272,1458.4772,1455.3148,1454.0499,1483.776,1739.9266
246,2386.3115,1579.9115,1483.776,1455.3148,1464.1694,1442.6654,1476.1864,1461.6395,1460.3746,1430.016,1494.528,1420.5289,1459.1096,1464.1694,1597.6207,1438.8706,1462.272,1458.4772,1455.3148,1454.0499,1483.776,1739.9266
247,2386.3115,1579.9115,1618.4922,1455.3148,1464.1694,1442.6654,1476.1864,1461.6395,1460.3746,1430.016,1494.528,1420.5289,1459.1096,1464.1694,1597.6207,1438.8706,1462.272,1458.4772,1455.3148,1454.0499,1483.776,1739.9266
248,2386.3115,1579.9115,1618.4922,1580.544,1464.1694,1442.6654,1476.1864,1461.6395,1460.3746,1430.016,1494.528,1420.5289,1459.1096,1464.1694,1597.6207,1438.8706,1462.272,1458.4772,1455.3148,1454.0499,1483.776,1739.9266
249,2386.3115,1579.9115,1618.4922,1580.544,1622.2871,1442.6654,1476.1864,1461.6395,1460.3746,1430.016,1494.528,1420.5289,1459.1096,1464.1694,1597.6207,1438.8706,1462.272,1458.4772,1455.3148,1454.0499,1483.776,1739.9266
250,2386.3115,1579.9115,1618.4922,1580.544,1622.2871,1559.6725,1476.1864,1461.6395,1460.3746,1430.016,1494.528,1420.5289,1459.1096,1464.1694,1597.6207,1438.8706,1462.272,1458.4772,1455.3148,1454.0499,1483.776,1739.9266
251,2386.3115,1579.9115,1618.4922,1580.544,1622.2871,1559.6725,1610.9026,1461.6395,1460.3746,1430.016,1494.528,1420.5289,1459.1096,1464.1694,1597.6207,1438.8706,1462.272,1458.4772,1455.3148,1454.0499,1483.776,1739.9266
252,2386.3115,1579.9115,1618.4922,1580.544,1622.2871,1559.6725,1610.9026,1590.6635,1460.3746,1430.016,1494.528,1420.5289,1459.1096,1464.1694,1597.6207,1438.8706,1462.272,1458.4772,1455.3148,1454.0499,1483.776,1739.9266
253,2386.3115,1579.9115,1618.4922,1580.544,1622.2871,1559.6725,1610.9026,1590.6635,1606.4753,1430.016,1494.528,1420.5289,1459.1096,1464.1694,1597.6207,1438.8706,1462.272,1458.4772,1455.3148,1454.0499,1483.776,1739.9266
254,2386.3115,1579.9115,1618.4922,1580.544,1622.2871,1559.6725,1610.9026,1590.6635,1606.4753,1546.3906,1494.528,1420.5289,1459.1096,1464.1694,1597.6207,1438.8706,1462.272,1458.4772,1455.3148,1454.0499,1483.776,1739.9266
255,2386.3115,1579.9115,1618.4922,1580.544,1622.2871,1559.6725,1610.9026,1590.6635,1606.4753,1546.3906,1617.2273,1420.5289,1459.1096,1464.1694,1597.6207,1438.8706,1462.272,1458.4772,1455.3148,1454.0499,1483.776,1739.9266
256,2386.3115,1579.9115,1618.4922,1580.544,1622.2871,1559.6725,1610.9026,1590.6635,1606.4753,1546.3906,1617.2273,1561.5699,1459.1096,1464.1694,1597.6207,1438.8706,1462.272,1458.4772,1455.3148,1454.0499,1483.776,1739.9266
257,2386.3115,1579.9115,1618.4922,1580.544,1622.2871,1559.6725,1610.9026,1590.6635,1606.4753,1546.3906,1617.2273,1561.5699,1598.8856,1464.1694,1597.6207,1438.8706,1462.272,1458.4772,1455.3148,1454.0499,1483.776,1739.9266
258,2386.3115,1579.9115,1618.4922,1580.544,1622.2871,1559.6725,1610.9026,1590.6635,1606.4753,1546.3906,1617.2273,1561.5699,1598.8856,1603.3129,1597.6207,1438.8706,1462.272,1458.4772,1455.3148,1454.0499,1483.776,1739.9266
259,2386.3115,1579.9115,1618.4922,1580.544,1622.2871,1559.6725,1610.9026,1590.6635,1606.4753,1546.3906,1617.2273,1561.5699,1598.8856,1603.3129,1731.072,1438.8706,1462.272,1458.4772,1455.3148,1454.0499,1483.776,1739.9266
260,2386.3115,1579.9115,1618.4922,1580.544,1622.2871,1559.6725,1610.9026,1590.6635,1606.4753,1546.3906,1617.2273,1561.5699,1598.8856,1603.3129,1731.072,1571.6894,1462.272,1458.4772,1455.3148,1454.0499,1483.776,1739.9266
261,2386.3115,1579.9115,1618.4922,1580.544,1622.2871,1559.6725,1610.9026,1590.6635,1606.4753,1546.3906,1617.2273,1561.5699,1598.8856,1603.3129,1731.072,1571.6894,1595.0908,1458.4772,1455.3148,1454.0499,1483.776,1739.9266
262,2386.3115,1579.9115,1618.4922,1580.544,1622.2871,1559.6725,1610.9026,1590.6635,1606.4753,1546.3906,1617.2273,1561.5699,1598.8856,1603.3129,1731.072,1571.6894,1595.0908,1580.544,1455.3148,1454.0499,1483.776,1739.9266
263,2386.3115,1579.9115,1618.4922,1580.544,1622.2871,1559.6725,1610.9026,1590.6635,1606.4753,1546.3906,1617.2273,1561.5699,1598.8856,1603.3129,1731.072,1571.6894,1595.0908,1580.544,1581.1765,1454.0499,1483.776,1739.9266
264,2386.3115,1579.9115,1618.4922,1580.544,1622.2871,1559.6725,1610.9026,1590.6635,1606.4753,1546.3906,1617.2273,1561.5699,1598.8856,1603.3129,1731.072,1571.6894,1595.0908,1580.544,1581.1765,1600.7831,1483.776,1739.9266
265,2386.3115,1579.9115,1618.4922,1580.544,1622.2871,1559.6725,1610.9026,1590.6635,1606.4753,1546.3906,1617.2273,1561.5699,1598.8856,1603.3129,1731.072,1571.6894,1595.0908,1580.544,1581.1765,1600.7831,1600.7831,1739.9266
266,2386.3115,1579.9115,1618.4922,1580.544,1622.2871,1559.6725,1610.9026,1590.6635,1606.4753,1546.3906,1617.2273,1561.5699,1598.8856,1603.3129,1731.072,1571.6894,1595.0908,1580.544,1581.1765,1600.7831,1600.7831,1880.9675
267,2519.1304,1579.9115,1618.4922,1580.544,1622.2871,1559.6725,1610.9026,1590.6635,1606.4753,1546.3906,1617.2273,1561.5699,1598.8856,1603.3129,1731.072,1571.6894,1595.0908,1580.544,1581.1765,1600.7831,1600.7831,1880.9675
268,2519.1304,1707.6706,1618.4922,1580.544,1622.2871,1559.6725,1610.9026,1590.6635,1606.4753,1546.3906,1617.2273,1561.5699,1598.8856,1603.3129,1731.072,1571.6894,1595.0908,1580.544,1581.1765,1600.7831,1600.7831,1880.9675
269,2519.1304,1707.6706,1769.0202,1580.544,1622.2871,1559.6725,1610.9026,1590.6635,1606.4753,1546.3906,1617.2273,1561.5699,1598.8856,1603.3129,1731.072,1571.6894,1595.0908,1580.544,1581.1765,1600.7831,1600.7831,1880.9675
270,2519.1304,1707.6706,1769.0202,1704.5082,1622.2871,1559.6725,1610.9026,1590.6635,1606.4753,1546.3906,1617.2273,1561.5699,1598.8856,1603.3129,1731.072,1571.6894,1595.0908,1580.544,1581.1765,1600.7831,1600.7831,1880.9675
271,2519.1304,1707.6706,1769.0202,1704.5082,1753.8409,1559.6725,1610.9026,1590.6635,1606.4753,1546.3906,1617.2273,1561.5699,1598.8856,1603.3129,1731.072,1571.6894,1595.0908,1580.544,1581.1765,1600.7831,1600.7831,1880.9675
272,2519.1304,1707.6706,1769.0202,1704.5082,1753.8409,1692.4913,1610.9026,1590.6635,1606.4753,1546.3906,1617.2273,1561.5699,1598.8856,1603.3129,1731.072,1571.6894,1595.0908,1580.544,1581.1765,1600.7831,1600.7831,1880.9675
273,2519.1304,1707.6706,1769.0202,1704.5082,1753.8409,1692.4913,1757.0033,1590.6635,1606.4753,1546.3906,1617.2273,1561.5699,1598.8856,1603.3129,1731.072,1571.6894,1595.0908,1580.544,1581.1765,1600.7831,1600.7831,1880.9675
274,2519.1304,1707.6706,1769.0202,1704.5082,1753.8409,1692.4913,1757.0033,1705.7732,1606.4753,1546.3906,1617.2273,1561.5699,1598.8856,1603.3129,1731.072,1571.6894,1595.0908,1580.544,1581.1765,1600.7831,1600.7831,1880.9675
275,2519.1304,1707.6706,1769.0202,1704.5082,1753.8409,1692.4913,1757.0033,1705.7732,1739.9266,1546.3906,1617.2273,1561.5699,1598.8856,1603.3129,1731.072,1571.6894,1595.0908,1580.544,1581.1765,1600.7831,1600.7831,1880.9675
276,2519.1304,1707.6706,1769.0202,1704.5082,1753.8409,1692.4913,1757.0033,1705.7732,1739.9266,1674.7821,1617.2273,1561.5699,1598.8856,1603.3129,1731.072,1571.6894,1595.0908,1580.544,1581.1765,1600.7831,1600.7831,1880.9675
277,2519.1304,1707.6706,1769.0202,1704.5082,1753.8409,1692.4913,1757.0033,1705.7732,1739.9266,1674.7821,1767.7553,1561.5699,1598.8856,1603.3129,1731.072,1571.6894,1595.0908,1580.544,1581.1765,1600.7831,1600.7831,1880.9675
278,2519.1304,1707.6706,1769.0202,1704.5082,1753.8409,1692.4913,1757.0033,1705.7732,1739.9266,1674.7821,1767.7553,1686.7991,1598.8856,1603.3129,1731.072,1571.6894,1595.0908,1580.544,1581.1765,1600.7831,1600.7831,1880.9675
279,2519.1304,1707.6706,1769.0202,1704.5082,1753.8409,1692.4913,1757.0033,1705.7732,1739.9266,1674.7821,1767.7553,1686.7991,1715.2602,1603.3129,1731.072,1571.6894,1595.0908,1580.544,1581.1765,1600.7831,1600.7831,1880.9675
280,2519.1304,1707.6706,1769.0202,1704.5082,1753.8409,1692.4913,1757.0033,1705.7732,1739.9266,1674.7821,1767.7553,1686.7991,1715.2602,1752.576,1731.072,1571.6894,1595.0908,1580.544,1581.1765,1600.7831,1600.7831,1880.9675
281,2519.1304,1707.6706,1769.0202,1704.5082,1753.8409,1692.4913,1757.0033,1705.7732,1739.9266,1674.7821,1767.7553,1686.7991,1715.2602,1752.576,1865.7882,1571.6894,1595.0908,1580.544,1581.1765,1600.7831,1600.7831,1880.9675
282,2519.1304,1707.6706,1769.0202,1704.5082,1753.8409,1692.4913,1757.0033,1705.7732,1739.9266,1674.7821,1767.7553,1686.7991,1715.2602,1752.576,1865.7882,1689.9614,1595.0908,1580.544,1581.1765,1600.7831,1600.7831,1880.9675
283,2519.1304,1707.6706,1769.0202,1704.5082,1753.8409,1692.4913,1757.0033,1705.7732,1739.9266,1674.7821,1767.7553,1686.7991,1715.2602,1752.576,1865.7882,1689.9614,1728.5421,1580.544,1581.1765,1600.7831,1600.7831,1880.9675
284,2519.1304,1707.6706,1769.0202,1704.5082,1753.8409,1692.4913,1757.0033,1705.7732,1739.9266,1674.7821,1767.7553,1686.7991,1715.2602,1752.576,1865.7882,1689.9614,1728.5421,1715.8927,1581.1765,1600.7831,1600.7831,1880.9675
285,2519.1304,1707.6706,1769.0202,1704.5082,1753.8409,1692.4913,1757.0033,1705.7732,1739.9266,1674.7821,1767.7553,1686.7991,1715.2602,1752.576,1865.7882,1689.9614,1728.5421,1715.8927,1708.9355,1600.7831,1600.7831,1880.9675
286,2519.1304,1707.6706,1769.0202,1704.5082,1753.8409,1692.4913,1757.0033,1705.7732,1739.9266,1674.7821,1767.7553,1686.7991,1715.2602,1752.576,1865.7882,1689.9614,1728.5421,1715.8927,1708.9355,1733.6019,1600.7831,1880.9675
287,2519.1304,1707.6706,1769.0202,1704.5082,1753.8409,1692.4913,1757.0033,1705.7732,1739.9266,1674.7821,1767.7553,1686.7991,1715.2602,1752.576,1865.7882,1689.9614,1728.5421,1715.8927,1708.9355,1733.6019,1732.9694,1880.9675
288,2519.1304,1707.6706,1769.0202,1704.5082,1753.8409,1692.4913,1757.0033,1705.7732,1739.9266,1674.7821,1767.7553,1686.7991,1715.2602,1752.576,1865.7882,1689.9614,1728.5421,1715.8927,1708.9355,1733.6019,1732.9694,2018.8461
289,2665.2311,1707.6706,1769.0202,1704.5082,1753.8409,1692.4913,1757.0033,1705.7732,1739.9266,1674.7821,1767.7553,1686.7991,1715.2602,1752.576,1865.7882,1689.9614,1728.5421,1715.8927,1708.9355,1733.6019,1732.9694,2018.8461
290,2665.2311,1823.4127,1769.0202,1704.5082,1753.8409,1692.4913,1757.0033,1705.7732,1739.9266,1674.7821,1767.7553,1686.7991,1715.2602,1752.576,1865.7882,1689.9614,1728.5421,1715.8927,1708.9355,1733.6019,1732.9694,2018.8461
291,2665.2311,1823.4127,1905.6339,1704.5082,1753.8409,1692.4913,1757.0033,1705.7732,1739.9266,1674.7821,1767.7553,1686.7991,1715.2602,1752.576,1865.7882,1689.9614,1728.5421,1715.8927,1708.9355,1733.6019,1732.9694,2018.8461
292,2665.2311,1823.4127,1905.6339,1843.6518,1753.8409,1692.4913,1757.0033,1705.7732,1739.9266,1674.7821,1767.7553,1686.7991,1715.2602,1752.576,1865.7882,1689.9614,1728.5421,1715.8927,1708.9355,1733.6019,1732.9694,2018.8461
293,2665.2311,1823.4127,1905.6339,1843.6518,1886.0273,1692.4913,1757.0033,1705.7732,1739.9266,1674.7821,1767.7553,1686.7991,1715.2602,1752.576,1865.7882,1689.9614,1728.5421,1715.8927,1708.9355,1733.6019,1732.9694,2018.8461
294,2665.2311,1823.4127,1905.6339,1843.6518,1886.0273,1823.4127,1757.0033,1705.7732,1739.9266,1674.7821,1767.7553,1686.7991,1715.2602,1752.576,1865.7882,1689.9614,1728.5421,1715.8927,1708.9355,1733.6019,1732.9694,2018.8461
295,2665.2311,1823.4127,1905.6339,1843.6518,1886.0273,1823.4127,1891.0871,1705.7732,1739.9266,1674.7821,1767.7553,1686.7991,1715.2602,1752.576,1865.7882,1689.9614,1728.5421,1715.8927,1708.9355,1733.6019,1732.9694,2018.8461
296,2665.2311,1823.4127,1905.6339,1843.6518,1886.0273,1823.4127,1891.0871,1832.2673,1739.9266,1674.7821,1767.7553,1686.7991,1715.2602,1752.576,1865.7882,1689.9614,1728.5421,1715.8927,1708.9355,1733.6019,1732.9694,2018.8461
297,2665.2311,1823.4127,1905.6339,1843.6518,1886.0273,1823.4127,1891.0871,1832.2673,1886.0273,1674.7821,1767.7553,1686.7991,1715.2602,1752.576,1865.7882,1689.9614,1728.5421,1715.8927,1708.9355,1733.6019,1732.9694,2018.8461
298,2665.2311,1823.4127,1905.6339,1843.6518,1886.0273,1823.4127,1891.0871,1832.2673,1886.0273,1791.1567,1767.7553,1686.7991,1715.2602,1752.576,1865.7882,1689.9614,1728.5421,1715.8927,1708.9355,1733.6019,1732.9694,2018.8461
299,2665.2311,1823.4127,1905.6339,1843.6518,1886.0273,1823.4127,1891.0871,1832.2673,1886.0273,1791.1567,1903.7365,1686.7991,1715.2602,1752.576,1865.7882,1689.9614,1728.5421,1715.8927,1708.9355,1733.6019,1732.9694,2018.8461
300,2665.2311,1823.4127,1905.6339,1843.6518,1886.0273,1823.4127,1891.0871,1832.2673,1886.0273,1791.1567,1903.7365,1815.8231,1715.2602,1752.576,1865.7882,1689.9614,1728.5421,1715.8927,1708.9355,1733.6019,1732.9694,2018.8461
301,2665.2311,1823.4127,1905.6339,1843.6518,1886.0273,1823.4127,1891.0871,1832.2673,1886.0273,1791.1567,1903.7365,1815.8231,1843.0193,1752.576,1865.7882,1689.9614,1728.5421,1715.8927,1708.9355,1733.6019,1732.9694,2018.8461
302,2665.2311,1823.4127,1905.6339,1843.6518,1886.0273,1823.4127,1891.0871,1832.2673,1886.0273,1791.1567,1903.7365,1815.8231,1843.0193,1903.7365,1865.7882,1689.9614,1728.5421,1715.8927,1708.9355,1733.6019,1732.9694,2018.8461
303,2665.2311,1823.4127,1905.6339,1843.6518,1886.0273,1823.4127,1891.0871,1832.2673,1886.0273,1791.1567,1903.7365,1815.8231,1843.0193,1903.7365,1985.3252,1689.9614,1728.5421,1715.8927,1708.9355,1733.6019,1732.9694,2018.8461
304,2665.2311,1823.4127,1905.6339,1843.6518,1886.0273,1823.4127,1891.0871,1832.2673,1886.0273,1791.1567,1903.7365,1815.8231,1843.0193,1903.7365,1985.3252,1822.7802,1728.5421,1715.8927,1708.9355,1733.6019,1732.9694,2018.8461
305,2665.2311,1823.4127,1905.6339,1843.6518,1886.0273,1823.4127,1891.0871,1832.2673,1886.0273,1791.1567,1903.7365,1815.8231,1843.0193,1903.7365,1985.3252,1822.7802,1861.3609,1715.8927,1708.9355,1733.6019,1732.9694,2018.8461
306,2665.2311,1823.4127,1905.6339,1843.6518,1886.0273,1823.4127,1891.0871,1832.2673,1886.0273,1791.1567,1903.7365,1815.8231,1843.0193,1903.7365,1985.3252,1822.7802,1861.3609,1849.9765,1708.9355,1733.6019,1732.9694,2018.8461
307,2665.2311,1823.4127,1905.6339,1843.6518,1886.0273,1823.4127,1891.0871,1832.2673,1886.0273,1791.1567,1903.7365,1815.8231,1843.0193,1903.7365,1985.3252,1822.7802,1861.3609,1849.9765,1837.9595,1733.6019,1732.9694,2018.8461
308,2665.2311,1823.4127,1905.6339,1843.6518,1886.0273,1823.4127,1891.0871,1832.2673,1886.0273,1791.1567,1903.7365,1815.8231,1843.0193,1903.7365,1985.3252,1822.7802,1861.3609,1849.9765,1837.9595,1867.0532,1732.9694,2018.8461
309,2665.2311,1823.4127,1905.6339,1843.6518,1886.0273,1823.4127,1891.0871,1832.2673,1886.0273,1791.1567,1903.7365,1815.8231,1843.0193,1903.7365,1985.3252,1822.7802,1861.3609,1849.9765,1837.9595,1867.0532,1863.8908,2018.8461
310,2665.2311,1823.4127,1905.6339,1843.6518,1886.0273,1823.4127,1891.0871,1832.2673,1886.0273,1791.1567,1903.7365,1815.8231,1843.0193,1903.7365,1985.3252,1822.7802,1861.3609,1849.9765,1837.9595,1867.0532,1863.8908,2156.0922
311,2798.0499,1823.4127,1905.6339,1843.6518,1886.0273,1823.4127,1891.0871,1832.2673,1886.0273,1791.1567,1903.7365,1815.8231,1843.0193,1903.7365,1985.3252,1822.7802,1861.3609,1849.9765,1837.9595,1867.0532,1863.8908,2156.0922
312,2798.0499,1954.3341,1905.6339,1843.6518,1886.0273,1823.4127,1891.0871,1832.2673,1886.0273,1791.1567,1903.7365,1815.8231,1843.0193,1903.7365,1985.3252,1822.7802,1861.3609,1849.9765,1837.9595,1867.0532,1863.8908,2156.0922
313,2798.0499,1954.3341,2053.632,1843.6518,1886.0273,1823.4127,1891.0871,1832.2673,1886.0273,1791.1567,1903.7365,1815.8231,1843.0193,1903.7365,1985.3252,1822.7802,1861.3609,1849.9765,1837.9595,1867.0532,1863.8908,2156.0922
314,2798.0499,1954.3341,2053.632,1969.5134,1886.0273,1823.4127,1891.0871,1832.2673,1886.0273,1791.1567,1903.7365,1815.8231,1843.0193,1903.7365,1985.3252,1822.7802,1861.3609,1849.9765,1837.9595,1867.0532,1863.8908,2156.0922
315,2798.0499,1954.3341,2053.632,1969.5134,2003.6668,1823.4127,1891.0871,1832.2673,1886.0273,1791.1567,1903.7365,1815.8231,1843.0193,1903.7365,1985.3252,1822.7802,1861.3609,1849.9765,1837.9595,1867.0532,1863.8908,2156.0922
316,2798.0499,1954.3341,2053.632,1969.5134,2003.6668,1966.9835,1891.0871,1832.2673,1886.0273,1791.1567,1903.7365,1815.8231,1843.0193,1903.7365,1985.3252,1822.7802,1861.3609,1849.9765,1837.9595,1867.0532,1863.8908,2156.0922
317,2798.0499,1954.3341,2053.632,1969.5134,2003.6668,1966.9835,2052.9995,1832.2673,1886.0273,1791.1567,1903.7365,1815.8231,1843.0193,1903.7365,1985.3252,1822.7802,1861.3609,1849.9765,1837.9595,1867.0532,1863.8908,2156.0922
318,2798.0499,1954.3341,2053.632,1969.5134,2003.6668,1966.9835,2052.9995,1946.7445,1886.0273,1791.1567,1903.7365,1815.8231,1843.0193,1903.7365,1985.3252,1822.7802,1861.3609,1849.9765,1837.9595,1867.0532,1863.8908,2156.0922
319,2798.0499,1954.3341,2053.632,1969.5134,2003.6668,1966.9835,2052.9995,1946.7445,2005.5642,1791.1567,1903.7365,1815.8231,1843.0193,1903.7365,1985.3252,1822.7802,1861.3609,1849.9765,1837.9595,1867.0532,1863.8908,2156.0922
320,2798.0499,1954.3341,2053.632,1969.5134,2003.6668,1966.9835,2052.9995,1946.7445,2005.5642,1921.4456,1903.7365,1815.8231,1843.0193,1903.7365,1985.3252,1822.7802,1861.3609,1849.9765,1837.9595,1867.0532,1863.8908,2156.0922
321,2798.0499,1954.3341,2053.632,1969.5134,2003.6668,1966.9835,2052.9995,1946.7445,2005.5642,1921.4456,2065.6489,1815.8231,1843.0193,1903.7365,1985.3252,1822.7802,1861.3609,1849.9765,1837.9595,1867.0532,1863.8908,2156.0922
322,2798.0499,1954.3341,2053.632,1969.5134,2003.6668,1966.9835,2052.9995,1946.7445,2005.5642,1921.4456,2065.6489,1930.9327,1843.0193,1903.7365,1985.3252,1822.7802,1861.3609,1849.9765,1837.9595,1867.0532,1863.8908,2156.0922
323,2798.0499,1954.3341,2053.632,1969.5134,2003.6668,1966.9835,2052.9995,1946.7445,2005.5642,1921.4456,2065.6489,1930.9327,1968.8809,1903.7365,1985.3252,1822.7802,1861.3609,1849.9765,1837.9595,1867.0532,1863.8908,2156.0922
324,2798.0499,1954.3341,2053.632,1969.5134,2003.6668,1966.9835,2052.9995,1946.7445,2005.5642,1921.4456,2065.6489,1930.9327,1968.8809,2030.2306,1985.3252,1822.7802,1861.3609,1849.9765,1837.9595,1867.0532,1863.8908,2156.0922
325,2798.0499,1954.3341,2053.632,1969.5134,2003.6668,1966.9835,2052.9995,1946.7445,2005.5642,1921.4456,2065.6489,1930.9327,1968.8809,2030.2306,2145.3402,1822.7802,1861.3609,1849.9765,1837.9595,1867.0532,1863.8908,2156.0922
326,2798.0499,1954.3341,2053.632,1969.5134,2003.6668,1966.9835,2052.9995,1946.7445,2005.5642,1921.4456,2065.6489,1930.9327,1968.8809,2030.2306,2145.3402,1942.3172,1861.3609,1849.9765,1837.9595,1867.0532,1863.8908,2156.0922
327,2798.0499,1954.3341,2053.632,1969.5134,2003.6668,1966.9835,2052.9995,1946.7445,2005.5642,1921.4456,2065.6489,1930.9327,1968.8809,2030.2306,2145.3402,1942.3172,1980.8979,1849.9765,1837.9595,1867.0532,1863.8908,2156.0922
328,2798.0499,1954.3341,2053.632,1969.5134,2003.6668,1966.9835,2052.9995,1946.7445,2005.5642,1921.4456,2065.6489,1930.9327,1968.8809,2030.2306,2145.3402,1942.3172,1980.8979,1984.6927,1837.9595,1867.0532,1863.8908,2156.0922
329,2798.0499,1954.3341,2053.632,1969.5134,2003.6668,1966.9835,2052.9995,1946.7445,2005.5642,1921.4456,2065.6489,1930.9327,1968.8809,2030.2306,2145.3402,1942.3172,1980.8979,1984.6927,1991.0174,1867.0532,1863.8908,2156.0922
330,2798.0499,1954.3341,2053.632,1969.5134,2003.6668,1966.9835,2052.9995,1946.7445,2005.5642,1921.4456,2065.6489,1930.9327,1968.8809,2030.2306,2145.3402,1942.3172,1980.8979,1984.6927,1991.0174,1986.5901,1863.8908,2156.0922
331,2798.0499,1954.3341,2053.632,1969.5134,2003.6668,1966.9835,2052.9995,1946.7445,2005.5642,1921.4456,2065.6489,1930.9327,1968.8809,2030.2306,2145.3402,1942.3172,1980.8979,1984.6927,1991.0174,1986.5901,1994.1798,2156.0922
332,2798.0499,1954.3341,2053.632,1969.5134,2003.6668,1966.9835,2052.9995,1946.7445,2005.5642,1921.4456,2065.6489,1930.9327,1968.8809,2030.2306,2145.3402,1942.3172,1980.8979,1984.6927,1991.0174,1986.5901,1994.1798,2284.4838
333,2944.1506,1954.3341,2053.632,1969.5134,2003.6668,1966.9835,2052.9995,1946.7445,2005.5642,1921.4456,2065.6489,1930.9327,1968.8809,2030.2306,2145.3402,1942.3172,1980.8979,1984.6927,1991.0174,1986.5901,1994.1798,2284.4838
334,2944.1506,2083.3581,2053.632,1969.5134,2003.6668,1966.9835,2052.9995,1946.7445,2005.5642,1921.4456,2065.6489,1930.9327,1968.8809,2030.2306,2145.3402,1942.3172,1980.8979,1984.6927,1991.0174,1986.5901,1994.1798,2284.4838
335,2944.1506,2083.3581,2176.9638,1969.5134,2003.6668,1966.9835,2052.9995,1946.7445,2005.5642,1921.4456,2065.6489,1930.9327,1968.8809,2030.2306,2145.3402,1942.3172,1980.8979,1984.6927,1991.0174,1986.5901,1994.1798,2284.4838
336,2944.1506,2083.3581,2176.9638,2106.1271,2003.6668,1966.9835,2052.9995,1946.7445,2005.5642,1921.4456,2065.6489,1930.9327,1968.8809,2030.2306,2145.3402,1942.3172,1980.8979,1984.6927,1991.0174,1986.5901,1994.1798,2284.4838
337,2944.1506,2083.3581,2176.9638,2106.1271,2148.5026,1966.9835,2052.9995,1946.7445,2005.5642,1921.4456,2065.6489,1930.9327,1968.8809,2030.2306,2145.3402,1942.3172,1980.8979,1984.6927,1991.0174,1986.5901,1994.1798,2284.4838
338,2944.1506,2083.3581,2176.9638,2106.1271,2148.5026,2085.888,2052.9995,1946.7445,2005.5642,1921.4456,2065.6489,1930.9327,1968.8809,2030.2306,2145.3402,1942.3172,1980.8979,1984.6927,1991.0174,1986.5901,1994.1798,2284.4838
339,2944.1506,2083.3581,2176.9638,2106.1271,2148.5026,2085.888,2173.1689,1946.7445,2005.5642,1921.4456,2065.6489,1930.9327,1968.8809,2030.2306,2145.3402,1942.3172,1980.8979,1984.6927,1991.0174,1986.5901,1994.1798,2284.4838
340,2944.1506,2083.3581,2176.9638,2106.1271,2148.5026,2085.888,2173.1689,2088.4179,2005.5642,1921.4456,2065.6489,1930.9327,1968.8809,2030.2306,2145.3402,1942.3172,1980.8979,1984.6927,1991.0174,1986.5901,1994.1798,2284.4838
341,2944.1506,2083.3581,2176.9638,2106.1271,2148.5026,2085.888,2173.1689,2088.4179,2164.9468,1921.4456,2065.6489,1930.9327,1968.8809,2030.2306,2145.3402,1942.3172,1980.8979,1984.6927,1991.0174,1986.5901,1994.1798,2284.4838
342,2944.1506,2083.3581,2176.9638,2106.1271,2148.5026,2085.888,2173.1689,2088.4179,2164.9468,2036.5553,2065.6489,1930.9327,1968.8809,2030.2306,2145.3402,1942.3172,1980.8979,1984.6927,1991.0174,1986.5901,1994.1798,2284.4838
343,2944.1506,2083.3581,2176.9638,2106.1271,2148.5026,2085.888,2173.1689,2088.4179,2164.9468,2036.5553,2189.6132,1930.9327,1968.8809,2030.2306,2145.3402,1942.3172,1980.8979,1984.6927,1991.0174,1986.5901,1994.1798,2284.4838
344,2944.1506,2083.3581,2176.9638,2106.1271,2148.5026,2085.888,2173.1689,2088.4179,2164.9468,2036.5553,2189.6132,2070.0762,1968.8809,2030.2306,2145.3402,1942.3172,1980.8979,1984.6927,1991.0174,1986.5901,1994.1798,2284.4838
345,2944.1506,2083.3581,2176.9638,2106.1271,2148.5026,2085.888,2173.1689,2088.4179,2164.9468,2036.5553,2189.6132,2070.0762,2099.1699,2030.2306,2145.3402,1942.3172,1980.8979,1984.6927,1991.0174,1986.5901,1994.1798,2284.4838
346,2944.1506,2083.3581,2176.9638,2106.1271,2148.5026,2085.888,2173.1689,2088.4179,2164.9468,2036.5553,2189.6132,2070.0762,2099.1699,2152.2974,2145.3402,1942.3172,1980.8979,1984.6927,1991.0174,1986.5901,1994.1798,2284.4838
347,2944.1506,2083.3581,2176.9638,2106.1271,2148.5026,2085.888,2173.1689,2088.4179,2164.9468,2036.5553,2189.6132,2070.0762,2099.1699,2152.2974,2279.424,1942.3172,1980.8979,1984.6927,1991.0174,1986.5901,1994.1798,2284.4838
348,2944.1506,2083.3581,2176.9638,2106.1271,2148.5026,2085.888,2173.1689,2088.4179,2164.9468,2036.5553,2189.6132,2070.0762,2099.1699,2152.2974,2279.424,2073.8711,1980.8979,1984.6927,1991.0174,1986.5901,1994.1798,2284.4838
349,2944.1506,2083.3581,2176.9638,2106.1271,2148.5026,2085.888,2173.1689,2088.4179,2164.9468,2036.5553,2189.6132,2070.0762,2099.1699,2152.2974,2279.424,2073.8711,2114.3492,1984.6927,1991.0174,1986.5901,1994.1798,2284.4838
350,2944.1506,2083.3581,2176.9638,2106.1271,2148.5026,2085.888,2173.1689,2088.4179,2164.9468,2036.5553,2189.6132,2070.0762,2099.1699,2152.2974,2279.424,2073.8711,2114.3492,2120.6739,1991.0174,1986.5901,1994.1798,2284.4838
351,2944.1506,2083.3581,2176.9638,2106.1271,2148.5026,2085.888,2173.1689,2088.4179,2164.9468,2036.5553,2189.6132,2070.0762,2099.1699,2152.2974,2279.424,2073.8711,2114.3492,2120.6739,2131.4259,1986.5901,1994.1798,2284.4838
352,2944.1506,2083.3581,2176.9638,2106.1271,2148.5026,2085.888,2173.1689,2088.4179,2164.9468,2036.5553,2189.6132,2070.0762,2099.1699,2152.2974,2279.424,2073.8711,2114.3492,2120.6739,2131.4259,2120.0414,1994.1798,2284.4838
353,2944.1506,2083.3581,2176.9638,2106.1271,2148.5026,2085.888,2173.1689,2088.4179,2164.9468,2036.5553,2189.6132,2070.0762,2099.1699,2152.2974,2279.424,2073.8711,2114.3492,2120.6739,2131.4259,2120.0414,2125.7336,2284.4838
354,2944.1506,2083.3581,2176.9638,2106.1271,2148.5026,2085.888,2173.1689,2088.4179,2164.9468,2036.5553,2189.6132,2070.0762,2099.1699,2152.2974,2279.424,2073.8711,2114.3492,2120.6739,2131.4259,2120.0414,2125.7336,2409.0805
355,3076.9694,2083.3581,2176.9638,2106.1271,2148.5026,2085.888,2173.1689,2088.4179,2164.9468,2036.5553,2189.6132,2070.0762,2099.1699,2152.2974,2279.424,2073.8711,2114.3492,2120.6739,2131.4259,2120.0414,2125.7336,2409.0805
356,3076.9694,2213.0146,2176.9638,2106.1271,2148.5026,2085.888,2173.1689,2088.4179,2164.9468,2036.5553,2189.6132,2070.0762,2099.1699,2152.2974,2279.424,2073.8711,2114.3492,2120.6739,2131.4259,2120.0414,2125.7336,2409.0805
357,3076.9694,2213.0146,2339.5087,2106.1271,2148.5026,2085.888,2173.1689,2088.4179,2164.9468,2036.5553,2189.6132,2070.0762,2099.1699,2152.2974,2279.424,2073.8711,2114.3492,2120.6739,2131.4259,2120.0414,2125.7336,2409.0805
358,3076.9694,2213.0146,2339.5087,2219.3393,2148.5026,2085.888,2173.1689,2088.4179,2164.9468,2036.5553,2189.6132,2070.0762,2099.1699,2152.2974,2279.424,2073.8711,2114.3492,2120.6739,2131.4259,2120.0414,2125.7336,2409.0805
359,3076.9694,2213.0146,2339.5087,2219.3393,2280.6889,2085.888,2173.1689,2088.4179,2164.9468,2036.5553,2189.6132,2070.0762,2099.1699,2152.2974,2279.424,2073.8711,2114.3492,2120.6739,2131.4259,2120.0414,2125.7336,2409.0805
